1,"+J Bonding Coat","1.000",1
1,"21 Days To A Better You","1.000",2
2,"21 Days To A Better You","2.000",1
1,"2-Hour Whitening Kit","1.000",1
1,"5 Gum Prism","1.000",1
1,"7 For All Mankind (Women)","1.000",2
1,"A.Jaffe Signature Collection Style No. MES307","1.000",1
1,"A|X Armani Exchange (Women)","2.000",1
1,"A|X Stylepad App","2.000",1
1,"Absolut Vodka","1.000",2
1,"Academy Of Art University","1.000",1
1,"Adam & Eve","0.333",1
1,"AG Adriano Goldschmied (Women)","1.000",1
1,"Air Optix Aqua","1.000",1
1,"Akris","1.000",2
1,"Alberta Ferretti","1.000",1
2,"Alberta Ferretti","4.000",1
1,"Aldo","1.000",1
2,"Aldo","2.000",2
1,"Alfani Ruffle Shirt","1.000",2
1,"Allure","2.000",1
1,"Almsed Bikini Emergency Plan","1.000",2
1,"Always Infinity","1.000",3
1,"American Cancer Society Hope Lodge","1.333",1
1,"Andrew Marc","0.333",1
1,"Ann Taylor","2.000",3
1,"Anne Klein Eyewear","1.000",2
1,"Anne's Inspiration Board","1.000",1
1,"Anolon","1.000",1
1,"Architectural Digest","2.000",1
1,"Architectural Digest Greenroom","1.000",1
1,"Arm & Hammer Baking Soda","0.097",1
1,"Arm & Hammer Plus Oxiclean Power Gel Laundry Detergent","1.000",1
1,"Arm & Hammer Whitening Booster 3X","0.333",1
1,"Assael Inc.","1.000",2
1,"Astroglide Natural","1.000",1
1,"Aveda Smooth Infusion Collection","1.333",1
1,"Aveeno","2.333",1
1,"Aveeno Nourish + Shine Collection","1.000",2
1,"Awapuhi by Paul Mitchell","0.250",1
2,"Awapuhi by Paul Mitchell","0.333",1
3,"Awapuhi by Paul Mitchell","1.000",2
1,"Awapuhi Wild Ginger Kera Triplex Treatment","2.000",1
1,"B. Makowsky","0.174",1
2,"B. Makowsky","1.000",1
1,"b.tempt'd","1.000",1
1,"Baby Phat","0.116",1
2,"Baby Phat","1.000",1
1,"Badgley Mischka","1.000",1
1,"Balenciaga (Women)","2.000",3
1,"Bally Footwear (Women)","2.000",2
2,"Bally Footwear (Women)","3.000",1
1,"Balmain (Women)","2.000",1
1,"Banana Republic","1.000",1
2,"Banana Republic","2.000",1
3,"Banana Republic","3.000",1
1,"Barely There ComfortFlex Fit Bandini Bra","0.250",1
1,"Barneys New York","6.000",1
1,"BCBG Max Azria","4.000",1
2,"BCBG Max Azria","6.000",1
1,"Be a Healthcare Office Manager","0.500",1
1,"Be Delicious for Women","1.000",2
1,"Beach Bunny Swimwear","0.186",1
1,"bebe","2.000",2
2,"bebe","4.000",1
1,"bebe Footwear","0.107",1
1,"Beyaz","3.000",2
1,"Beyonce Heat Rush","1.000",3
1,"Beyonce Parfums","2.000",1
1,"Big Love (HBO)","1.000",1
1,"Bio-Oil","0.087",1
2,"Bio-Oil","1.000",3
1,"Bleu de Chanel","2.000",1
1,"Blue Valentine (Film)","1.000",1
1,"Blumarine","2.000",2
1,"Bongo at Sears","1.000",2
1,"Borghese Fango Active Mud for Face and Body","1.000",1
1,"Born Crown Retreat","1.000",1
1,"Born Footwear","1.000",1
1,"BOSS Black","4.000",1
1,"BOSS Black (Women)","4.000",1
1,"Botox Cosmetic","3.333",3
1,"Bottega Veneta (Women)","2.000",3
1,"Brahmin Alden Tote","2.000",1
1,"Brahmin Leather Works, Inc.","4.000",1
1,"Brides Maids (Film)","1.000",1
1,"Brides: A Wedding Collection at Michaels","1.000",1
1,"Bulgari Leather Goods","2.000",2
1,"Burberry (Women)","0.250",1
1,"Burberry Brit for Women (Fragrance)","0.250",1
1,"Burberry Brit Sheer","1.000",1
1,"Burberry London (Women)","2.000",1
1,"Burberry Prorsum (Women)","2.000",3
1,"Burt's Bees Naturally Nourishing Body Lotion Milk & Honey","0.125",1
2,"Burt's Bees Naturally Nourishing Body Lotion Milk & Honey","1.333",1
1,"C9 by Champion Duo Dry Tanks","1.000",1
1,"Cadillac CTS Coupe","2.000",3
1,"California Pizza Kitchen For One","1.000",1
1,"Calvin Klein Beauty","2.000",4
1,"Calvin Klein Collection (Women)","2.000",1
2,"Calvin Klein Collection (Women)","6.000",2
1,"Calvin Klein Eternity","2.000",1
1,"Calvin Klein Euphoria Collection","1.000",1
1,"Candie's","1.000",1
1,"Carlos Miele","4.000",1
1,"Cartier Bridal ","1.000",2
1,"Cartier LOVE Collection","2.000",1
1,"Cartier Tank Americaine","1.000",1
1,"Cash Back Bonus","1.000",1
1,"Celine","2.000",1
1,"Cesare Paciotti","4.000",2
1,"CETTU","2.000",1
1,"CH Carolina Herrera","3.000",1
1,"Chamilia Heart Collection","1.000",1
1,"Champion (Athletic Wear)","1.000",2
1,"Chanel (Women)","2.000",4
2,"Chanel (Women)","5.000",1
3,"Chanel (Women)","6.000",1
1,"Chanel Chance Eau Tendre","1.000",2
2,"Chanel Chance Eau Tendre","2.000",2
1,"Chanel Inimitable Intense Mascara","1.000",3
1,"Chanel J12 29MM","1.000",1
1,"Chevrolet (Corporate)","1.000",1
2,"Chevrolet (Corporate)","2.000",1
1,"Chevy Cruze","2.000",5
1,"Chloe","2.000",4
1,"Choo 24:7","1.000",2
1,"Clarins Extra-Firming Day Cream","2.000",1
1,"Clarins Face","4.000",1
1,"Clarins Group","4.000",1
1,"Clarins Multi-Active Day","2.000",3
1,"Clarisonic","0.125",1
2,"Clarisonic","2.000",7
1,"Cle de Peau Beaute La Creme","1.000",1
1,"Clean & Clear Advantage Acne Control Kit","1.000",2
1,"Clearasil Daily Clear Oil-Free Daily Face Wash","1.000",1
1,"Clearasil Ultra Acne + Marks Wash & Mask","1.000",1
1,"Clinique Bottom Lash Mascara","2.000",3
1,"Clinique Chubby Stick Moisturizing Lip Color Balm","1.000",4
1,"Clinique Clarifying Lotion Collection","2.000",1
1,"Clinique Even Better Clinical Dark Spot Corrector","2.000",1
1,"Club Med, Inc.","0.087",1
1,"Coach Poppy Fragrance","1.000",3
1,"Coffee-Mate Caramel Macchiato","1.000",1
1,"Cole Haan (Women)","1.000",2
1,"Colgate Total","1.000",1
1,"Conde Nast Store","1.000",2
1,"Cooper-Hewitt National Design Museum","1.000",1
1,"Corinne McCormack","1.000",2
1,"Cosmo App (Shop Cosmo)","0.193",1
1,"Cosmopolitan","1.000",2
1,"Cosmopolitan for iPad","1.000",1
1,"Cosmopolitan Fun Fearless Female Campaign","0.086",1
2,"Cosmopolitan Fun Fearless Female Campaign","0.265",1
3,"Cosmopolitan Fun Fearless Female Campaign","1.000",1
1,"Cosmopolitan Kisses for the Troops","1.000",1
1,"Cosmo's Bachelor Party","0.221",1
1,"Cosmo's Sex Position of The Day! App","1.000",1
1,"Cosmo's Summer Splash","0.167",1
1,"CoverGirl","1.000",1
2,"CoverGirl","2.000",3
3,"CoverGirl","3.000",2
1,"CoverGirl & Olay Simply Ageless Serum Primer","1.000",1
1,"CoverGirl Blast Collection","1.000",1
2,"CoverGirl Blast Collection","1.333",1
3,"CoverGirl Blast Collection","2.000",2
1,"CoverGirl Clean Normal Skin Ivory","1.000",1
2,"CoverGirl Clean Normal Skin Ivory","2.000",1
1,"CoverGirl Clean Oil Control Classic Tan","2.000",1
1,"CoverGirl Exact Collection","1.000",2
2,"CoverGirl Exact Collection","2.000",1
1,"CoverGirl LashBlast Fusion Very Black","2.000",1
1,"CoverGirl LipPerfection Lipcolor","0.172",1
1,"CoverGirl LipPerfection Lipcolor Hot","1.000",3
2,"CoverGirl LipPerfection Lipcolor Hot","2.000",2
3,"CoverGirl LipPerfection Lipcolor Hot","5.000",1
1,"CoverGirl NatureLuxe Silk Foundation Alabaster","1.333",1
2,"CoverGirl NatureLuxe Silk Foundation Alabaster","2.000",1
1,"Crest Extra White Plus Scope Outlast","1.000",1
1,"Croco Luxe Collection","1.000",1
1,"Crystal Light Natural Lemonade","1.000",2
1,"David Yurman Fine Jewelry","2.000",2
1,"De Beers Atea Collection","1.000",1
1,"DermStore.com","1.000",1
1,"Details Style Council","1.000",1
1,"Diane von Furstenberg","0.183",1
2,"Diane von Furstenberg","1.000",2
1,"Diesel Black Gold","3.000",1
1,"Diesel S.p.A.","2.000",2
1,"Dillard's, Inc.","4.000",2
1,"Dior (Women)","1.000",2
2,"Dior (Women)","2.000",2
1,"Dior Handbags (Women)","1.000",1
2,"Dior Handbags (Women)","2.000",1
1,"Dior One Essential Super Skin Boosting Serum","1.000",1
1,"Dior Parfums","2.000",1
1,"Divalicious Blog","0.147",1
2,"Divalicious Blog","0.164",1
3,"Divalicious Blog","0.169",1
1,"DKNY (Women)","2.000",3
1,"DKNY Jeans","2.000",2
1,"Dolce & Gabbana (Women)","2.000",4
1,"Donna Karan Cashmere Mist","2.000",1
1,"Donna Karan New York","2.000",1
1,"Dove Bar/Body Wash","1.000",1
1,"Dove Go Fresh Deodorant Collection","1.000",1
1,"Dove Promises Hearts Milk Chocolate","1.000",1
1,"DSquared2 (Women)","1.000",2
1,"DSW","1.000",4
1,"Durex","0.500",1
1,"Durex Love Box","0.178",1
2,"Durex Love Box","1.333",1
1,"Eau Fling","0.333",1
1,"Eden Roc Miami Beach","1.000",1
1,"Eileen Fisher","1.000",1
1,"Elie Tahari","1.000",2
1,"Elizabeth Arden Ceramide Ultra Lift and Firm Makeup SPF 15","1.000",2
1,"Ella","2.000",2
1,"ELLE","1.000",3
1,"Elle (Women's Sportswear)","2.000",1
1,"Elle Dream Of A Lifetime Sweepstakes","0.333",1
2,"Elle Dream Of A Lifetime Sweepstakes","0.666",1
3,"Elle Dream Of A Lifetime Sweepstakes","1.000",1
1,"ELLE Extra","0.234",1
2,"ELLE Extra","0.250",1
1,"Elle Horoscope","1.000",1
1,"Elle iPad App","1.000",1
1,"Elle Make Better DVD Collection","0.084",1
2,"Elle Make Better DVD Collection","0.160",1
1,"Elle Personal Stylist","1.000",2
1,"Elle Shops","6.000",1
1,"Elle Spa","1.000",1
2,"Elle Spa","2.000",1
1,"Elle Time & Jewelry","1.000",2
1,"Elle Women in Hollywood","2.000",1
1,"Elle.com","1.000",1
1,"eos Lip Balm Smooth Sphere Collection","1.000",1
1,"eos Lip Balm Smooth Sphere in Summer Fruit","1.000",1
1,"Equipment Femme","1.000",1
1,"Escada","1.000",3
2,"Escada","4.000",1
1,"Essie Fifth Avenue","2.000",1
1,"Essie French Affair Nail Lacquer","1.000",3
1,"Essie Mademoiselle","2.000",1
1,"Essie Wicked","2.000",1
1,"Estee Lauder DayWear Collection","2.000",4
1,"Estee Lauder Pure Color Lipstick","2.000",2
1,"Estee Lauder Skincare","2.000",1
1,"Estee Lauder Wild Violet Pure Color Collection","2.000",1
1,"Etro (Women)","2.000",1
2,"Etro (Women)","4.000",1
1,"Eva by Eva Longoria","2.000",1
1,"Eventi Hotel","0.084",1
1,"Exploring Better Sex Video Series","1.000",1
1,"Express, Inc.","1.000",2
2,"Express, Inc.","2.000",1
1,"Extra Polar Ice","1.000",1
1,"Fastin","1.000",2
1,"Febreze Air Effects New Zealand Springs","1.000",1
1,"Fekkai Advanced Collection","2.000",3
2,"Fekkai Advanced Collection","3.000",1
1,"Fekkai Advanced Essential Shea","1.000",1
2,"Fekkai Advanced Essential Shea","2.000",1
3,"Fekkai Advanced Essential Shea","4.000",2
1,"Fendi (Women)","2.000",3
2,"Fendi (Women)","6.000",1
1,"Film Independent Spirit Awards","1.000",1
1,"Flip Video","0.500",1
1,"Ford Edge","1.000",2
1,"Ford Ones To Watch Sweepstakes","0.250",1
2,"Ford Ones To Watch Sweepstakes","0.333",1
1,"Fortune Dynamic Delicious","1.000",1
1,"Franco Sarto Artist's Collection","4.000",1
1,"Fratelli Rossetti S.p.A.","1.000",1
1,"Friskies Seafood Sensations","1.000",1
1,"Frito-Lay North America, Inc.","1.000",2
1,"FullFast","1.000",1
1,"Furla Handbags","1.000",2
1,"GameStop Stores","1.000",1
1,"GAP Soft Collection","6.000",2
1,"Garnier Fructis Haircare","2.000",1
1,"Garnier Fructis Style Sleek & Shine Blow Dry Perfector","0.333",1
1,"Garnier Moisture Rescue","0.142",6
1,"Garnier Moisture Rescue Refreshing Oil-Free Gel Cream","1.000",7
1,"Garnier Nutrisse Nourishing Color Creme 90","1.000",1
1,"Garnier Ultra-Lift Anti-Wrinkle Eye Roller","1.000",1
1,"Garnier Ultra-Lift Anti-Wrinkle Firming Moisturizer","1.000",1
1,"GEICO Insurance","1.000",1
1,"GG 2899/S","1.000",1
1,"Gilt City","0.154",1
1,"Giorgio Armani (Women)","2.000",2
1,"Giuseppe Zanotti Designs (Women)","4.000",1
1,"Givenchy (Women)","1.000",1
1,"Glam Alert","1.000",1
1,"Glamalert.com/store","0.500",1
1,"Glamour","1.000",6
1,"Glamour Magazine Mobile App","0.666",1
2,"Glamour Magazine Mobile App","1.000",2
1,"Glamour Match Maker","1.000",2
1,"Glo.com","1.000",3
1,"GNC General Nutrition Centers","1.000",4
1,"GNC Total Lean Total Body Transformation System","0.192",1
1,"GO International","2.000",2
1,"GQ","1.000",1
1,"G-Star Raw C.V.","1.000",1
1,"Gucci (Women)","1.000",1
2,"Gucci (Women)","2.000",3
1,"Gucci Footwear (Women)","2.000",1
1,"Guess Handbags","2.000",1
1,"Guess Swim","2.000",1
2,"Guess Swim","4.000",2
1,"H&M","2.000",1
1,"Hair U Wear, Inc.","1.000",1
1,"Hale Bob","2.000",1
1,"Haute Holidays","1.000",1
1,"Healthy Choice Rosemary Chicken & Sweet Potatoes","1.000",1
1,"Heart Truth Pendant","0.113",1
2,"Heart Truth Pendant","4.000",1
1,"Hearts on Fire Diamond Engagement Ring","1.000",2
1,"Heidi's Heavenly Cookies, LLC","0.075",1
1,"Herbal Essences Hair Care","1.000",2
1,"Heroes are Human","0.150",1
1,"HONORA Industries, Inc.","1.000",1
1,"Hope On A Hanger Shapewear Collection","1.000",1
1,"HTC HD7","2.000",2
1,"HydroPeptide SPF 30","1.000",1
1,"HydroxyCut","1.000",2
1,"Hyundai Elantra","2.000",2
1,"I.N.C. International Concepts","1.000",1
1,"Iman Global Chic (HSN Home Shopping Network)","1.000",1
1,"Infusion d'Iris","2.000",1
1,"Infusium 23","1.000",1
1,"Inoa","2.000",2
1,"INTERMIX","0.333",1
1,"Ippolita","1.000",1
1,"Ippolita Rock Candy Bangles","1.000",1
1,"Isabel Marant","1.000",2
1,"Ivanka Trump Footwear","1.000",1
1,"J Brand","1.000",2
2,"J Brand","2.000",2
1,"J. Sisters International","1.000",2
1,"J'adore Eau de Parfum","2.000",2
1,"Jean Paul Gaultier (Women)","1.000",1
1,"Jeffrey Modell Foundation","1.000",2
1,"Jessica Simpson Collection","1.000",1
1,"Jil Sander (Women)","2.000",1
1,"Jil Sander Navy","2.000",1
1,"Jimmy Choo Eau de Toilette","2.000",2
1,"Jimmy Choo Footwear","2.000",1
1,"John Frieda Full Repair Collection","1.000",1
1,"Joie","2.000",2
1,"Jones New York Empowerment Fund","2.000",2
1,"Jordin Sparks Because of You Fragrance","0.075",1
1,"Jorg Gray Fine Writing Instruments","0.124",1
1,"Juicy Couture","1.000",1
2,"Juicy Couture","2.000",2
1,"Juvederm XC","1.333",1
1,"Kahlua","1.000",1
1,"Kameleon Jewelry","1.000",2
1,"Kate Spade Scout Bag","2.000",2
1,"Kathy Van Zeeland","0.089",1
2,"Kathy Van Zeeland","1.000",2
1,"Katy Perry Collection by OPI","1.333",3
1,"Keds","1.000",1
1,"Keep A Child Alive","1.000",1
1,"Kenmore Elite Top-Load Washer","1.333",1
1,"Kenneth Cole Productions Inc.","2.000",1
1,"Kenneth Salon","1.000",1
1,"Kersh","1.000",1
1,"K-Mart","4.000",2
1,"Kotex","1.000",2
1,"K-Y Yours + Mine Kissable Sensations for the Body","1.000",2
1,"La Prairie","1.000",1
1,"La Prairie Cellular Power Infusion","1.000",1
1,"Lacoste (Women)","2.000",2
1,"Lady Million","2.000",1
1,"Lancome Definicils Precious Cells","1.000",2
1,"Lancome Genifique Youth Activating Concentrate","2.000",3
1,"Lancome Teint Miracle Collection","1.000",1
2,"Lancome Teint Miracle Collection","2.000",4
1,"Lancome Ultra Lavande","2.000",1
1,"Lands' End Canvas Collection","1.000",1
1,"Lanvin (Women)","1.000",1
2,"Lanvin (Women)","4.000",1
1,"Latisse","1.000",1
2,"Latisse","2.000",3
1,"Laura Mercier Flawless Face Collection","2.000",1
1,"Lauren by Ralph Lauren","2.000",1
1,"Le Vian Chocolate Wedding Chocolate Diamonds","4.000",1
1,"Leon Max","2.000",2
1,"Leslie Greene","0.152",1
1,"Levi's Curve ID","4.000",3
1,"lexus.com/thehardway","2.000",1
1,"Life as We Know It (Home Video)","0.250",1
1,"Light Blue For Women","1.000",5
2,"Light Blue For Women","2.000",1
1,"LOFT","2.000",2
1,"Longchamp","2.000",2
1,"Lord & Taylor","2.000",2
2,"Lord & Taylor","4.000",1
1,"L'Oreal Feria #73 Dark Golden Blonde","2.000",1
1,"L'Oreal Paris","2.000",1
1,"L'Oreal Paris Colour Riche Collection","2.000",1
1,"L'Oreal Paris Colour Riche Lipcolour True Red 315","2.000",1
1,"L'Oreal Paris Colour Riche Lipcolour Volcanic 410","2.000",1
1,"L'Oreal Paris EverSleek Sulfate-Free Smoothing System","2.000",2
1,"L'Oreal Paris Go 360 Clean Anti-Breakout Facial Cleanser","1.000",1
1,"L'Oreal Paris Infallible Le Rouge Lipcolor Ravishing Red","2.000",2
1,"L'Oreal Paris Magic Smooth Souffle Natural Buff","2.000",3
1,"L'Oreal Paris Revitalift Deep-Set Wrinkle Repair Collection","2.000",1
1,"L'Oreal Paris True Match Super-Blendable Foundation","1.000",1
1,"L'Oreal Paris True Match Super-Blendable Foundation Soft Sable C6","2.000",2
1,"L'Oreal Paris Voluminous Original Mascara","4.000",2
1,"L'Oreal Paris Women of Worth","0.070",1
1,"L'Oreal Paris Youth Code Collection","5.000",1
2,"L'Oreal Paris Youth Code Collection","6.000",1
1,"L'Oreal Paris Youth Code Serum Intense","2.000",4
1,"Loree Rodkin Jewelry","1.000",1
1,"Louis Vuitton Handbags (Women)","1.000",1
2,"Louis Vuitton Handbags (Women)","2.000",5
3,"Louis Vuitton Handbags (Women)","4.000",1
1,"Love Letters Bracelet","1.000",1
1,"Love, Chloe","1.000",3
1,"Loved by Heidi Klum","1.000",1
1,"Lucky Brand Jeans","1.000",2
1,"Luster 1 Hour White","1.000",1
1,"M.A.C. VivaGlam Collection","1.000",2
1,"M.powerment","1.000",2
1,"M.Powerment Linked to My Heart Bracelet","0.250",1
1,"Macy's","2.000",2
1,"Macy's Impulse","2.000",1
1,"Maje Paris","2.000",1
1,"Make Up For Ever HD Foundation","0.216",1
1,"Make Up For Ever Rouge Artist","0.333",1
1,"Mane 'n Tail (Brand)","0.333",1
1,"Manolo Blahnik","1.000",1
1,"Marc by Marc Jacobs (Women)","2.000",1
1,"Marc Ecko","1.000",1
1,"Marc Jacobs (Women)","2.000",4
1,"Marc Jacobs Daisy Eau So Fresh","1.000",3
2,"Marc Jacobs Daisy Eau So Fresh","2.000",1
1,"Marc Jacobs Lola","1.000",4
1,"Marco Bicego","1.000",1
1,"Marco Bicego Goa Collection","1.000",1
1,"Mark (Cosmetics)","0.180",1
1,"Mark Lipclick","1.000",1
1,"Mark What A Line Felt Tip Eyeliner","1.000",1
1,"Max Mara","2.000",4
1,"Maximilian Fur Salon at Bloomingdale's","0.148",2
1,"Maybelline Color Sensational Lipcolor Pink & Proper","1.000",1
2,"Maybelline Color Sensational Lipcolor Pink & Proper","1.333",1
3,"Maybelline Color Sensational Lipcolor Pink & Proper","2.000",1
1,"Maybelline Color Sensational Lipcolor Red Revival","1.000",1
1,"Maybelline Dream Smooth Mousse Ultra-Hydrating Foundation","1.000",1
2,"Maybelline Dream Smooth Mousse Ultra-Hydrating Foundation","1.333",3
1,"Maybelline Fit Me 220","1.000",2
1,"Maybelline Fit Me Coconut 355","1.000",1
1,"Maybelline Fit Me Collection","2.000",2
2,"Maybelline Fit Me Collection","3.000",1
1,"Maybelline Superstay 24hr Lipcolor","2.000",1
1,"Maybelline Volum' Express One by One Mascara","1.000",1
2,"Maybelline Volum' Express One by One Mascara","2.000",4
1,"Mayors","1.000",1
1,"Medical Billing Specialist (U.S. Career Institute)","0.500",1
1,"MEK Denim","0.333",1
1,"Mercedes-Benz Fashion Week","2.000",1
1,"Merino","2.000",1
1,"Metalsmiths Sterling","1.000",1
1,"Michael Jackson: The Making of Thriller","1.000",1
1,"Michael Kors (Women)","2.000",1
2,"Michael Kors (Women)","3.000",1
1,"MICHAEL Michael Kors Handbags","2.000",2
1,"Mirena","2.000",3
1,"Miss Me Jeans","1.000",2
2,"Miss Me Jeans","2.000",1
1,"Missoni S.p.A.","1.000",1
1,"Miu Miu","2.000",1
1,"Moncler","2.000",1
1,"Moroccanoil Hair","1.000",1
1,"Moschino (Women)","1.000",1
2,"Moschino (Women)","4.000",1
1,"Motherhood Maternity","1.000",1
1,"Mulberry","1.000",2
2,"Mulberry","4.000",1
1,"Murad","1.000",1
1,"Murad Acne Collection","1.000",1
1,"MustHaveIts.com","1.000",1
1,"N.Y.C. New York Color","1.000",1
1,"Napoleon Perdis Makeup Academy","0.180",1
1,"Natural American Spirit","1.000",1
2,"Natural American Spirit","2.000",1
1,"Neiman Marcus","16.000",1
1,"Net-A-Porter","6.000",1
1,"Neuro (Brand)","4.000",1
1,"Neutrogena Make-Up Remover Cleansing Towelettes","0.117",1
2,"Neutrogena Make-Up Remover Cleansing Towelettes","1.000",3
1,"Neutrogena Naturals Purifying Facial Cleanser","1.000",1
1,"Neutrogena Norwegian Formula Hand Cream Original","0.333",1
1,"Neutrogena Oil-Free Acne Wash Pink Grapefruit Facial Cleanser","1.000",1
1,"Nexxus ProMend Collection","0.072",1
2,"Nexxus ProMend Collection","1.000",1
1,"Nicole by OPI","0.333",1
1,"Nicole Miller","1.000",1
2,"Nicole Miller","4.000",1
1,"Nike Women","2.000",1
1,"Nike Women Free TR Fit","1.000",1
1,"Nina Ricci","2.000",1
1,"Nine West","2.000",2
1,"No Kid Hungry","1.000",1
1,"Nordstrom","16.000",1
1,"Nova Sure","1.000",1
1,"NUVO Sparkling Liqueur","1.000",3
1,"NYDJ Not Your Daughter's Jeans","2.000",1
1,"Olay Body Ultra Moisture Bar","1.000",2
1,"Olay Facial Cleansing Collection","0.073",1
2,"Olay Facial Cleansing Collection","1.000",2
1,"Olay Professional Pro-X","1.000",1
1,"Olay Profssional Pro-X Advanced Cleansing System","0.107",1
2,"Olay Profssional Pro-X Advanced Cleansing System","1.000",2
3,"Olay Profssional Pro-X Advanced Cleansing System","2.000",1
1,"Olay Regenerist Anti-Aging Eye Roller","1.000",1
1,"Olay Regenerist Collection","0.150",1
2,"Olay Regenerist Collection","2.000",2
3,"Olay Regenerist Collection","3.000",3
1,"Olay Regenerist Micro-Sculpting Serum","0.333",1
1,"Olay Regenerist Night Resurfacing Elixir","0.076",1
1,"Olay Total Effects Dark Circle Minimizing Eye  Brush","0.333",1
2,"Olay Total Effects Dark Circle Minimizing Eye  Brush","1.000",1
3,"Olay Total Effects Dark Circle Minimizing Eye  Brush","2.000",1
1,"Omega De Ville Ladymatic ","2.000",2
1,"Orajel","1.000",1
1,"Original Australian Sheepskin Boot","1.000",1
1,"Origins Plantscription Anti-Aging Serum","1.000",1
1,"Oscar de la Renta","1.000",1
2,"Oscar de la Renta","2.000",1
1,"Palmer's Cocoa Butter Formula Collection (Baby)","0.333",1
1,"Palmer's Cocoa Butter Formula Collection (Body Care)","0.333",2
1,"Pandora Jewelry","0.333",1
2,"Pandora Jewelry","1.000",3
3,"Pandora Jewelry","4.000",1
1,"Pantene Pro-V Color Preserve Shine Collection","0.169",1
2,"Pantene Pro-V Color Preserve Shine Collection","1.000",1
3,"Pantene Pro-V Color Preserve Shine Collection","2.000",2
1,"Pantene Pro-V Curly Hair Collection","0.116",1
1,"Pantene Pro-V Dry to Moisturized Collection","1.000",2
2,"Pantene Pro-V Dry to Moisturized Collection","2.000",3
1,"Pantene Pro-V Flat to Volume","1.000",2
2,"Pantene Pro-V Flat to Volume","2.000",1
3,"Pantene Pro-V Flat to Volume","3.000",1
1,"Parfums Givenchy","0.125",1
1,"Paris Hilton Tease","0.148",1
1,"Patron XO Cafe","1.000",1
1,"Paul & Joe (Women)","1.000",1
1,"Paul Mitchell","2.000",1
1,"Paul Mitchell Schools","0.333",4
1,"Payless ShoeSource","1.000",2
1,"Peace, Love, & Juicy Couture","1.000",2
1,"Perricone MD Cold Plasma","1.000",2
1,"Perry Ellis Night (For Men)","0.333",1
2,"Perry Ellis Night (For Men)","2.000",3
1,"Perry Ellis Swim","1.000",1
1,"Philadelphia Cream Cheese (Original)","1.000",1
1,"Pink Mother of Pearl and Rose Gold Collection","1.000",1
1,"Piperlime","2.000",2
1,"Plan-B One Step","2.000",3
1,"Platinum Guild International","2.000",1
1,"Play Eau de Toilette for Her","0.666",1
2,"Play Eau de Toilette for Her","1.000",1
1,"Playboy Fragrances","1.000",1
2,"Playboy Fragrances","2.000",1
1,"Pond's Wet Cleansing Towelettes","1.000",2
1,"Ports 1961","2.000",2
1,"Prada (Women)","4.000",2
1,"Prada Eyewear","1.000",1
2,"Prada Eyewear","2.000",1
1,"PreciousPlatinum.com/Calculator","0.164",1
2,"PreciousPlatinum.com/Calculator","0.165",1
1,"Press Fashions","1.000",1
1,"Prevage Face Advanced Anti-Aging Serum","1.000",2
1,"Pringle of Scotland","2.000",1
1,"Purr by Katy Perry","0.076",1
2,"Purr by Katy Perry","1.000",6
1,"QVC, Inc.","2.000",2
1,"Rado R5.5 Jubile","2.000",1
1,"Rai Knight","0.091",1
1,"Ralph Lauren Big Pony Fragrance Collection for Men","4.000",1
1,"Ralph Lauren Blue Label","0.333",1
1,"Ralph Lauren Collection","3.000",2
1,"Ralph Lauren Romance","2.000",1
1,"RapidLash","0.333",1
1,"Raymond Weil Noemia Collection","1.000",1
1,"RealSexy Double Delight Bra","1.000",2
1,"Reed Krakoff Handbags","1.000",2
1,"Renewing Moroccan Argan Oil Pentrating Oil","1.000",1
1,"Reveal by Halle Berry","2.000",2
1,"Revlon Colorburst Lipgloss","1.000",2
1,"Revlon ColorStay Aqua Mineral Makeup","1.000",1
2,"Revlon ColorStay Aqua Mineral Makeup","2.000",1
1,"Revlon CustomEyes Mascara","1.000",2
2,"Revlon CustomEyes Mascara","3.000",2
1,"Revlon Top Speed Nail Enamel","1.333",2
1,"Ricardo Rojas Salon","1.000",1
1,"Rimmel Lash Accelerator Serum","1.000",2
1,"Riviera Palm Springs Resort & Spa","0.086",1
1,"Roberto Cavalli (Women)","1.000",1
2,"Roberto Cavalli (Women)","4.000",1
1,"Roberto Cavalli Handbags","1.000",1
1,"RoC Retinol Correxion Deep Wrinkle Night Cream","0.097",1
1,"Rolex Oyster Perpetual Collection","6.000",1
1,"Rolex Oyster Perpetual Datejust","0.333",1
1,"Rolex Oyster Perpetual Lady-Datejust 31","1.000",1
1,"Romeo & Juliet Couture","1.000",2
1,"Rouge Dior","1.000",1
1,"Ruby Tuesday, Inc.","0.333",1
1,"S by Shakira","0.125",1
1,"'S Max Mara SummerCube Collection","1.000",1
1,"Saab","4.000",1
1,"Saint Laurent (Women)","2.000",4
1,"Saks Fifth Avenue","20.000",1
1,"Sally Hansen Beauty Tools","1.000",1
1,"Sally Hansen Insta-Dri Fast Dry Nail Color","1.000",2
1,"Sally Hansen Nailgrowth Miracle Serum","1.000",2
1,"Sally Hansen Salon Collection","0.250",1
1,"Sally Hansen Salon Effects Real Nail Polish Strips","0.155",1
2,"Sally Hansen Salon Effects Real Nail Polish Strips","2.000",3
3,"Sally Hansen Salon Effects Real Nail Polish Strips","3.000",1
1,"Salvatore Ferragamo (Women)","4.000",2
1,"Sam Edelman Shoes","4.000",1
1,"Satellite L635","1.000",2
1,"Schick Intuition Naturals Sensitive Care Razor","1.000",3
1,"Screen Actors Guild Awards","1.000",1
1,"Sculptra Aesthetic","5.000",2
1,"Scunci Upzing Double Combs","0.500",1
1,"Secret Flawless Renewal","1.000",1
1,"Secret Mean Stinks Campaign","1.000",2
1,"Seiko Countdown to New Years Sweepstakes","0.125",1
1,"Self Magazine","1.000",1
1,"Sephora Skincare","0.250",1
2,"Sephora Skincare","1.000",1
1,"Shiseido Future Solution LX Eye and Lip Contour Regenerating Cream","1.000",1
1,"Shopbop","2.000",2
1,"Sibu Beauty","1.000",2
1,"Silpada Designs, LLC","1.000",1
1,"Simon G. Jewelry","1.000",3
1,"Skechers Tone-ups","1.000",4
1,"SK-II Facial Treatment Essence","1.000",5
1,"Skinny Cow Ice Cream Bars Chocolate Truffle ","1.000",1
1,"SKYY Vodka","2.000",1
1,"Smart & Sexy","0.179",1
2,"Smart & Sexy","1.000",2
1,"Smashbox Cosmetics","0.333",1
1,"Solange Azagury-Partridge","1.000",1
1,"Sorel, Inc.","0.058",1
1,"Sperry Top-Sider","1.000",3
1,"Spring Fashion Series (HSN Home Shopping Network)","2.000",1
1,"Sprint PCS","1.000",3
1,"St. Giles Hotel New York","0.197",1
1,"St. Ives Oatmeal & Shea Butter Lotion","1.000",2
1,"St. John","2.000",1
1,"Stand Up To Cancer","1.000",1
1,"Starbucks Bottled Frappuccino Mocha Light","2.000",1
1,"Starbucks Pike Place Roast (Grocery)","0.500",1
1,"StarrOnline.com","0.500",3
1,"Stayfree Ultra Thin Regular with Wings","1.333",1
1,"Stella McCartney","2.000",2
1,"Step Up Women's Network","0.250",1
1,"Sterling Collection","1.000",1
1,"Stuart Weitzman Footwear","1.000",2
1,"Style & Co.","2.000",1
1,"Style 360","2.000",1
1,"Super by Dr. Nicholas Perricone","1.000",1
1,"Swarovski Elements","2.000",1
2,"Swarovski Elements","3.000",1
1,"Tacori Engagement","1.000",4
1,"TAG Heuer Aquaracer Collection","1.000",1
1,"Talbots","1.000",2
2,"Talbots","2.000",1
1,"Tampax Pearl Compak Regular","1.000",2
1,"Tampax Pearl Plastic","1.000",2
1,"Tampax Pearl Regular Unscented","1.000",4
1,"Target","1.000",1
1,"Target Vintage Varsity Collection","1.000",2
1,"Team Op Ultimate Access","0.089",1
1,"Teen Vogue Bedding","1.000",1
1,"Texas Collection by OPI","0.333",1
2,"Texas Collection by OPI","1.333",2
1,"The Conde Nast Publications (USA)","1.000",2
1,"The ELLEments of Personal Style: 25 Modern Fashion Icons on How to Dress, Shop, and Live","1.000",4
1,"The Fur Salon at Saks Fifth Avenue","0.192",1
1,"The King's Speech (Film)","1.000",1
1,"The Limited","1.000",2
2,"The Limited","2.000",3
1,"The Loft Martini Lounge","0.188",1
1,"The Oscars (ABC Network)","1.000",1
1,"The Rockport Company","2.000",2
1,"The Roommate (Film)","1.000",1
1,"The World in Vogue: People Parties Places (Book)","1.000",1
1,"Tiffany Elsa Peretti Diamonds by the Yard Necklace","1.000",1
1,"Tiffany Elsa Peretti Mesh Collection","2.000",2
1,"Tiffany Filigree Heart","1.000",1
2,"Tiffany Filigree Heart","2.000",2
1,"tipsntrends, inc.","1.000",2
1,"T-Mobile G2","1.000",1
1,"Tod's Handbags","2.000",2
2,"Tod's Handbags","4.000",1
1,"Tom Ford Eyewear","2.000",1
1,"Tommy Hilfiger","4.000",1
2,"Tommy Hilfiger","6.000",2
1,"Toshiba Satellite","1.000",1
1,"Tostitos Artisan Recipes Fire-Roasted Chipotle","1.000",1
1,"Tous","1.000",1
1,"Toyota Ideas for Good Challenge","1.000",3
1,"TRESemme Climate Control","2.000",2
1,"Tresor","2.000",1
1,"Tresor In Love","2.000",2
1,"TRIA Laser Hair Removal","1.000",1
1,"Trident Layers Cool Mint + Melon Fresco","1.000",4
1,"Trident Vitality","0.170",1
2,"Trident Vitality","1.000",1
1,"Trollbeads","1.000",1
1,"Tropezienne Collection","0.119",1
1,"True Religion Brand Jeans","1.000",2
1,"U by Kotex","1.000",1
1,"U by Kotex CleanWear Pads","1.000",1
1,"UGG Australia","1.000",2
2,"UGG Australia","4.000",2
1,"Unforgettable Moments Beauty Collection","0.095",1
1,"United Colors of Benetton","1.000",1
1,"USA Network","2.000",1
1,"Valentino (Women)","2.000",2
2,"Valentino (Women)","4.000",1
1,"Valentino Garavani Handbags","2.000",2
1,"Van Cleef & Arpels High Jewelry Collection","1.000",1
1,"Vanity Fair Hollywood App","1.000",1
1,"Vanity Fair Lingerie","1.000",1
1,"Vassarette","1.000",1
1,"Velvet by Graham & Spencer","0.154",1
2,"Velvet by Graham & Spencer","1.000",1
1,"Vera Wang","8.000",1
1,"Vera Wang Eyewear","4.000",1
1,"Vera Wang Preppy Princess","1.000",4
2,"Vera Wang Preppy Princess","2.000",1
1,"Versace (Women)","2.000",1
2,"Versace (Women)","4.000",2
1,"Versace Handbags (Women)","1.000",1
1,"Via Spiga","4.000",1
1,"Vicks NyQuil Cold & Flu","1.000",3
1,"Vince Camuto","1.000",1
1,"Viva La Juicy","1.000",1
1,"Vogue","1.000",7
1,"Vogue Insiders","1.000",1
1,"Vogue Living:  Houses Gardens People (Book)","1.000",1
1,"Vogue Stylist App","1.000",1
1,"Vogue Wish List App","0.333",1
2,"Vogue Wish List App","1.000",2
1,"Vogue.com","1.000",4
1,"Volkswagen Jetta","1.000",1
2,"Volkswagen Jetta","4.000",1
1,"Wacoal iPant","1.000",2
1,"Walgreens Beauty","2.000",1
1,"Walgreens Beauty in the Big Apple","0.076",1
1,"Weight Watchers Food","1.000",1
1,"Weight Watchers PointsPlus","1.000",2
1,"White House | Black Market","0.333",1
2,"White House | Black Market","2.000",3
1,"Windex Multi-Surface (Original Scent)","0.137",1
1,"WMI Media Solutions","0.333",3
2,"WMI Media Solutions","0.666",1
1,"Womanity","0.063",1
1,"Young & Posh","0.142",1
1,"Z London at Payless","1.000",1
1,"Zigi NY","0.217",1
1,"Zoosk, Inc.","1.000",2
1,"Zync from American Express Style Pack","2.000",3
