4385330,699304,"Zync from American Express Style Pack",2.000,Page
4599186,699304,"Zync from American Express Style Pack",2.000,Page
4412637,699304,"Zync from American Express Style Pack",2.000,Page
4148957,578308,"Zoosk, Inc.",1.000,Page
4325765,578308,"Zoosk, Inc.",1.000,Page
4525711,1415745,"Garnier Moisture Rescue",0.142,Page
4559453,366628,"Zigi NY",0.217,Page
4412635,1129051,"Z London at Payless",1.000,Page
9239990,627325,"Young & Posh",0.142,Page
4171370,606738,"Womanity",0.063,Page
5293788,410908,"WMI Media Solutions",0.333,Page
4325802,410908,"WMI Media Solutions",0.333,Page
4578284,410908,"WMI Media Solutions",0.333,Page
4263340,410908,"WMI Media Solutions",0.666,Page
4165085,664567,"Windex Multi-Surface (Original Scent)",0.137,Page
4578195,184906,"White House | Black Market",2.000,Page
4433271,184906,"White House | Black Market",0.333,Page
4559320,184906,"White House | Black Market",2.000,Page
4599223,184906,"White House | Black Market",2.000,Page
4385360,733963,"Weight Watchers PointsPlus",1.000,Page
4599329,733963,"Weight Watchers PointsPlus",1.000,Page
4257703,149695,"Weight Watchers Food",1.000,Page
4433270,1094695,"Walgreens Beauty in the Big Apple",0.076,Page
4158094,692136,"Walgreens Beauty",2.000,Page
4578269,808026,"Wacoal iPant",1.000,Page
4559443,808026,"Wacoal iPant",1.000,Page
4385351,28179,"Volkswagen Jetta",1.000,Page
4599257,28179,"Volkswagen Jetta",4.000,Page
4599267,83070,"Vogue.com",1.000,Page
4599187,83070,"Vogue.com",1.000,Page
5615099,83070,"Vogue.com",1.000,Page
4158311,83070,"Vogue.com",1.000,Page
4158316,735227,"Vogue Wish List App",0.333,Cover
4385343,735227,"Vogue Wish List App",1.000,Page
4599250,735227,"Vogue Wish List App",1.000,Page
4429591,492736,"Vogue Stylist App",1.000,Page
4599264,69906,"Vogue Living:  Houses Gardens People (Book)",1.000,Page
4599215,232270,"Vogue Insiders",1.000,Page
4385375,6053,"Vogue",1.000,Cover
4385376,6053,"Vogue",1.000,Cover
4385377,6053,"Vogue",1.000,Cover
4158335,6053,"Vogue",1.000,Cover
4158336,6053,"Vogue",1.000,Cover
4599354,6053,"Vogue",1.000,Cover
4599355,6053,"Vogue",1.000,Cover
4578249,188616,"Viva La Juicy",1.000,Page
4559366,2875,"Vince Camuto",1.000,Page
4148964,82469,"Vicks NyQuil Cold & Flu",1.000,Page
4325779,82469,"Vicks NyQuil Cold & Flu",1.000,Page
4513537,82469,"Vicks NyQuil Cold & Flu",1.000,Page
4599228,3174,"Via Spiga",4.000,Page
4412671,254267,"Versace Handbags (Women)",1.000,Page
4559370,965748,"Versace (Women)",2.000,Page
4385370,965748,"Versace (Women)",4.000,Page
4599347,965748,"Versace (Women)",4.000,Page
4325746,747305,"Vera Wang Preppy Princess",1.000,Page
4513499,747305,"Vera Wang Preppy Princess",1.000,Page
4412628,747305,"Vera Wang Preppy Princess",1.000,Page
4578229,747305,"Vera Wang Preppy Princess",1.000,Page
4322123,747305,"Vera Wang Preppy Princess",2.000,Page
4559310,196467,"Vera Wang Eyewear",4.000,Page
4599245,8043,"Vera Wang",8.000,Page
4559416,349408,"Velvet by Graham & Spencer",1.000,Page
4164341,349408,"Velvet by Graham & Spencer",0.154,Page
4578275,15406,"Vassarette",1.000,Page
4559390,44913,"Vanity Fair Lingerie",1.000,Page
4599334,485197,"Vanity Fair Hollywood App",1.000,Page
4158318,30893,"Van Cleef & Arpels High Jewelry Collection",1.000,Page
4412601,266754,"Valentino Garavani Handbags",2.000,Page
4559293,266754,"Valentino Garavani Handbags",2.000,Page
4385327,9454,"Valentino (Women)",2.000,Page
4385328,9454,"Valentino (Women)",2.000,Page
4599249,9454,"Valentino (Women)",4.000,Page
4158323,21057,"USA Network",2.000,Page
4599295,177,"United Colors of Benetton",1.000,Page
4171369,653568,"Unforgettable Moments Beauty Collection",0.095,Page
4385364,3376,"UGG Australia",4.000,Page
4599312,3376,"UGG Australia",4.000,Page
4578291,3376,"UGG Australia",1.000,Page
4322107,3376,"UGG Australia",1.000,Page
4412660,507244,"U by Kotex CleanWear Pads",1.000,Page
4325804,507243,"U by Kotex",1.000,Cover
4599206,11661,"True Religion Brand Jeans",1.000,Page
4578208,11661,"True Religion Brand Jeans",1.000,Page
4164340,470610,"Tropezienne Collection",0.119,Page
4578276,630818,"Trollbeads",1.000,Page
4573098,809663,"Trident Vitality",1.000,Page
9239843,809663,"Trident Vitality",0.170,Page
4325788,648598,"Trident Layers Cool Mint + Melon Fresco",1.000,Page
4257687,648598,"Trident Layers Cool Mint + Melon Fresco",1.000,Page
4513553,648598,"Trident Layers Cool Mint + Melon Fresco",1.000,Cover
4148968,648598,"Trident Layers Cool Mint + Melon Fresco",1.000,Page
4325735,377632,"TRIA Laser Hair Removal",1.000,Page
4148936,524911,"Tresor In Love",2.000,Page
4257682,524911,"Tresor In Love",2.000,Page
4385342,9836,"Tresor",2.000,Page
4513511,805863,"TRESemme Climate Control",2.000,Page
4578259,805863,"TRESemme Climate Control",2.000,Page
4578223,723297,"Toyota Ideas for Good Challenge",1.000,Page
4322095,723297,"Toyota Ideas for Good Challenge",1.000,Page
4257696,723297,"Toyota Ideas for Good Challenge",1.000,Page
4325753,9808,"Tous",1.000,Page
4513547,718468,"Tostitos Artisan Recipes Fire-Roasted Chipotle",1.000,Page
4578289,54438,"Toshiba Satellite",1.000,Page
4578201,8846,"Tommy Hilfiger",4.000,Page
4559314,8846,"Tommy Hilfiger",6.000,Page
4599221,8846,"Tommy Hilfiger",6.000,Page
4599304,8403,"Tom Ford Eyewear",2.000,Page
4599254,828859,"Tod's Handbags",4.000,Page
4385323,828859,"Tod's Handbags",2.000,Page
4559305,828859,"Tod's Handbags",2.000,Page
4257706,669618,"T-Mobile G2",1.000,Cover
4158123,1745469,"tipsntrends, inc.",1.000,Page
4559450,1745469,"tipsntrends, inc.",1.000,Page
4322078,574261,"Tiffany Filigree Heart",2.000,Page
4412609,574261,"Tiffany Filigree Heart",1.000,Page
4385321,574261,"Tiffany Filigree Heart",2.000,Page
4559317,807714,"Tiffany Elsa Peretti Mesh Collection",2.000,Page
4578180,807714,"Tiffany Elsa Peretti Mesh Collection",2.000,Page
4158084,81649,"Tiffany Elsa Peretti Diamonds by the Yard Necklace",1.000,Page
4599222,404314,"The World in Vogue: People Parties Places (Book)",1.000,Page
4325745,747326,"The Roommate (Film)",1.000,Page
4599321,770,"The Rockport Company",2.000,Page
4158324,770,"The Rockport Company",2.000,Page
4559383,149215,"The Oscars (ABC Network)",1.000,Page
4426685,132170,"The Loft Martini Lounge",0.188,Page
4559352,244394,"The Limited",1.000,Page
4578184,244394,"The Limited",2.000,Page
4322091,244394,"The Limited",1.000,Page
4385326,244394,"The Limited",2.000,Page
4599197,244394,"The Limited",2.000,Page
4325774,713476,"The King's Speech (Film)",1.000,Page
4562031,1079848,"The Fur Salon at Saks Fifth Avenue",0.192,Page
4559454,616113,"The ELLEments of Personal Style: 25 Modern Fashion Icons on How to Dress, Shop, and Live",1.000,Page
4158100,616113,"The ELLEments of Personal Style: 25 Modern Fashion Icons on How to Dress, Shop, and Live",1.000,Page
4412634,616113,"The ELLEments of Personal Style: 25 Modern Fashion Icons on How to Dress, Shop, and Live",1.000,Page
4412649,616113,"The ELLEments of Personal Style: 25 Modern Fashion Icons on How to Dress, Shop, and Live",1.000,Page
4578298,13729,"The Conde Nast Publications (USA)",1.000,Cover
4599353,13729,"The Conde Nast Publications (USA)",1.000,Cover
4513489,736033,"Texas Collection by OPI",1.333,Cover
4322099,736033,"Texas Collection by OPI",0.333,Page
4559332,736033,"Texas Collection by OPI",1.333,Cover
4322135,712186,"Teen Vogue Bedding",1.000,Page
4148973,734022,"Team Op Ultimate Access",0.089,Page
4578239,960290,"Target Vintage Varsity Collection",1.000,Page
4578240,960290,"Target Vintage Varsity Collection",1.000,Page
4578241,7592,"Target",1.000,Page
4322130,1057941,"Tampax Pearl Regular Unscented",1.000,Page
4257700,1057941,"Tampax Pearl Regular Unscented",1.000,Page
4325777,1057941,"Tampax Pearl Regular Unscented",1.000,Page
4148956,1057941,"Tampax Pearl Regular Unscented",1.000,Page
4513540,1918330,"Tampax Pearl Plastic",1.000,Page
4578285,1918330,"Tampax Pearl Plastic",1.000,Page
4257697,1260192,"Tampax Pearl Compak Regular",1.000,Page
4148963,1260192,"Tampax Pearl Compak Regular",1.000,Page
4599246,2704,"Talbots",1.000,Page
4578213,2704,"Talbots",2.000,Page
4559398,2704,"Talbots",1.000,Page
4158080,878721,"TAG Heuer Aquaracer Collection",1.000,Page
4559410,1993519,"Tacori Engagement",1.000,Page
4412627,1993519,"Tacori Engagement",1.000,Page
4325749,1993519,"Tacori Engagement",1.000,Page
4513475,1993519,"Tacori Engagement",1.000,Page
4158322,51594,"Swarovski Elements",3.000,Page
4158073,51594,"Swarovski Elements",2.000,Page
4322096,612893,"Super by Dr. Nicholas Perricone",1.000,Page
4158087,52432,"Style 360",2.000,Page
4578245,1334,"Style & Co.",2.000,Page
4559395,1117189,"Stuart Weitzman Footwear",1.000,Page
4599348,1117189,"Stuart Weitzman Footwear",1.000,Page
4158111,153371,"Sterling Collection",1.000,Page
4165138,190781,"Step Up Women's Network",0.250,Page
4559308,820,"Stella McCartney",2.000,Page
4599239,820,"Stella McCartney",2.000,Page
4513527,1566413,"Stayfree Ultra Thin Regular with Wings",1.333,Page
4517319,734024,"StarrOnline.com",0.500,Page
4325796,734024,"StarrOnline.com",0.500,Page
4156088,734024,"StarrOnline.com",0.500,Page
4337869,116378,"Starbucks Pike Place Roast (Grocery)",0.500,Page
4578280,578895,"Starbucks Bottled Frappuccino Mocha Light",2.000,Page
4412670,148364,"Stand Up To Cancer",1.000,Page
4599172,346,"St. John",2.000,Page
4325751,85782,"St. Ives Oatmeal & Shea Butter Lotion",1.000,Page
4322102,85782,"St. Ives Oatmeal & Shea Butter Lotion",1.000,Page
4165087,567908,"St. Giles Hotel New York",0.197,Page
4578274,13806,"Sprint PCS",1.000,Page
4158095,13806,"Sprint PCS",1.000,Page
4513493,13806,"Sprint PCS",1.000,Page
4559421,231520,"Spring Fashion Series (HSN Home Shopping Network)",2.000,Page
4559400,5238,"Sperry Top-Sider",1.000,Page
4578244,5238,"Sperry Top-Sider",1.000,Page
4599292,5238,"Sperry Top-Sider",1.000,Page
4158332,22754,"Sorel, Inc.",0.058,Page
4559380,203640,"Solange Azagury-Partridge",1.000,Page
4272301,792,"Smashbox Cosmetics",0.333,Page
4325768,101900,"Smart & Sexy",1.000,Page
4163505,101900,"Smart & Sexy",0.179,Page
4148950,101900,"Smart & Sexy",1.000,Page
4148940,2785,"SKYY Vodka",2.000,Page
4325790,314003,"Skinny Cow Ice Cream Bars Chocolate Truffle ",1.000,Page
4158317,106397,"SK-II Facial Treatment Essence",1.000,Page
4385324,106397,"SK-II Facial Treatment Essence",1.000,Page
4599247,106397,"SK-II Facial Treatment Essence",1.000,Page
4322092,106397,"SK-II Facial Treatment Essence",1.000,Page
4578214,106397,"SK-II Facial Treatment Essence",1.000,Page
4257709,648490,"Skechers Tone-ups",1.000,Page
4158085,648490,"Skechers Tone-ups",1.000,Page
4158329,648490,"Skechers Tone-ups",1.000,Page
4148945,648490,"Skechers Tone-ups",1.000,Page
4578233,8375,"Simon G. Jewelry",1.000,Page
4559393,8375,"Simon G. Jewelry",1.000,Page
4412641,8375,"Simon G. Jewelry",1.000,Page
4559444,9766,"Silpada Designs, LLC",1.000,Page
4559415,459753,"Sibu Beauty",1.000,Page
4412652,459753,"Sibu Beauty",1.000,Page
4559338,53270,"Shopbop",2.000,Page
4599225,53270,"Shopbop",2.000,Page
4559397,631580,"Shiseido Future Solution LX Eye and Lip Contour Regenerating Cream",1.000,Page
4158090,1270605,"Sephora Skincare",1.000,Page
4348683,1270605,"Sephora Skincare",0.250,Page
4578296,13145,"Self Magazine",1.000,Cover
4272299,695488,"Seiko Countdown to New Years Sweepstakes",0.125,Page
4322112,1125520,"Secret Mean Stinks Campaign",1.000,Page
4325758,1125520,"Secret Mean Stinks Campaign",1.000,Page
4148974,353587,"Secret Flawless Renewal",1.000,Cover
4158098,552661,"Scunci Upzing Double Combs",0.500,Page
4578286,96959,"Sculptra Aesthetic",5.000,Page
4599345,96959,"Sculptra Aesthetic",5.000,Page
4412644,106666,"Screen Actors Guild Awards",1.000,Page
4525711,1415745,"Garnier Moisture Rescue",0.142,Page
4513535,1573037,"Schick Intuition Naturals Sensitive Care Razor",1.000,Page
4325757,1573037,"Schick Intuition Naturals Sensitive Care Razor",1.000,Page
4322124,1573037,"Schick Intuition Naturals Sensitive Care Razor",1.000,Page
4322111,735428,"Satellite L635",1.000,Page
4257685,735428,"Satellite L635",1.000,Page
4599193,35041,"Sam Edelman Shoes",4.000,Page
4599235,1632424,"Salvatore Ferragamo (Women)",4.000,Page
4559350,1632424,"Salvatore Ferragamo (Women)",4.000,Page
4559367,765580,"Sally Hansen Salon Effects Real Nail Polish Strips",2.000,Page
4578255,765580,"Sally Hansen Salon Effects Real Nail Polish Strips",2.000,Page
4523716,765580,"Sally Hansen Salon Effects Real Nail Polish Strips",0.155,Page
4513513,765580,"Sally Hansen Salon Effects Real Nail Polish Strips",3.000,Page
4325740,765580,"Sally Hansen Salon Effects Real Nail Polish Strips",2.000,Page
4348685,15394,"Sally Hansen Salon Collection",0.250,Page
4578256,765586,"Sally Hansen Nailgrowth Miracle Serum",1.000,Page
4325741,765586,"Sally Hansen Nailgrowth Miracle Serum",1.000,Page
4559434,285175,"Sally Hansen Insta-Dri Fast Dry Nail Color",1.000,Page
4412657,285175,"Sally Hansen Insta-Dri Fast Dry Nail Color",1.000,Page
4578254,247549,"Sally Hansen Beauty Tools",1.000,Page
4599227,344,"Saks Fifth Avenue",20.000,Page
4599170,966931,"Saint Laurent (Women)",2.000,Page
4385312,966931,"Saint Laurent (Women)",2.000,Page
4559284,966931,"Saint Laurent (Women)",2.000,Page
4412597,966931,"Saint Laurent (Women)",2.000,Page
4578246,223,"Saab",4.000,Page
4158315,735225,"'S Max Mara SummerCube Collection",1.000,Page
4263213,616078,"S by Shakira",0.125,Page
4412648,147914,"Ruby Tuesday, Inc.",0.333,Page
4559341,9890,"Rouge Dior",1.000,Page
4578281,19147,"Romeo & Juliet Couture",1.000,Page
4599339,19147,"Romeo & Juliet Couture",1.000,Page
4158075,671405,"Rolex Oyster Perpetual Lady-Datejust 31",1.000,Page
4562556,323092,"Rolex Oyster Perpetual Datejust",0.333,Page
4412603,215987,"Rolex Oyster Perpetual Collection",6.000,Page
4171372,492909,"RoC Retinol Correxion Deep Wrinkle Night Cream",0.097,Page
4559348,1003888,"Roberto Cavalli Handbags",1.000,Page
4412621,1003758,"Roberto Cavalli (Women)",1.000,Page
4599266,1003758,"Roberto Cavalli (Women)",4.000,Page
4523719,175244,"Riviera Palm Springs Resort & Spa",0.086,Page
4513500,625895,"Rimmel Lash Accelerator Serum",1.000,Page
4559429,625895,"Rimmel Lash Accelerator Serum",1.000,Page
4599341,559193,"Ricardo Rojas Salon",1.000,Page
4513485,595474,"Revlon Top Speed Nail Enamel",1.333,Page
4559425,595474,"Revlon Top Speed Nail Enamel",1.333,Page
4559423,765626,"Revlon CustomEyes Mascara",1.000,Page
4412650,765626,"Revlon CustomEyes Mascara",3.000,Page
4513508,765626,"Revlon CustomEyes Mascara",1.000,Page
4325755,765626,"Revlon CustomEyes Mascara",3.000,Page
4513507,788396,"Revlon ColorStay Aqua Mineral Makeup",1.000,Page
4559422,788396,"Revlon ColorStay Aqua Mineral Makeup",2.000,Page
4559424,805859,"Revlon Colorburst Lipgloss",1.000,Page
4513509,805859,"Revlon Colorburst Lipgloss",1.000,Page
4559392,757774,"Reveal by Halle Berry",2.000,Page
4578277,757774,"Reveal by Halle Berry",2.000,Page
4513523,805872,"Renewing Moroccan Argan Oil Pentrating Oil",1.000,Page
4599299,1158154,"Reed Krakoff Handbags",1.000,Page
4559379,1158154,"Reed Krakoff Handbags",1.000,Page
4559406,327300,"RealSexy Double Delight Bra",1.000,Page
4322109,327300,"RealSexy Double Delight Bra",1.000,Page
4559316,448014,"Raymond Weil Noemia Collection",1.000,Page
4412669,330142,"RapidLash",0.333,Page
4322097,8278,"Ralph Lauren Romance",2.000,Page
4559304,586,"Ralph Lauren Collection",3.000,Page
4599198,586,"Ralph Lauren Collection",3.000,Page
4426689,52356,"Ralph Lauren Blue Label",0.333,Page
4325739,608516,"Ralph Lauren Big Pony Fragrance Collection for Men",4.000,Page
4325785,768093,"Rai Knight",0.091,Page
4158069,736938,"Rado R5.5 Jubile",2.000,Page
4599300,7193,"QVC, Inc.",2.000,Page
4385357,7193,"QVC, Inc.",2.000,Page
4385361,747346,"Purr by Katy Perry",1.000,Page
4330567,747346,"Purr by Katy Perry",0.076,Page
4513518,747346,"Purr by Katy Perry",1.000,Page
4525711,1415745,"Garnier Moisture Rescue",0.142,Page
4325756,747346,"Purr by Katy Perry",1.000,Page
4599335,747346,"Purr by Katy Perry",1.000,Page
4412653,747346,"Purr by Katy Perry",1.000,Page
4559438,747346,"Purr by Katy Perry",1.000,Page
4599305,17180,"Pringle of Scotland",2.000,Page
4599322,465748,"Prevage Face Advanced Anti-Aging Serum",1.000,Page
4322098,465748,"Prevage Face Advanced Anti-Aging Serum",1.000,Page
4559407,157257,"Press Fashions",1.000,Page
4163507,673037,"PreciousPlatinum.com/Calculator",0.164,Page
4347977,673037,"PreciousPlatinum.com/Calculator",0.165,Page
4559283,15537,"Prada Eyewear",2.000,Page
4578212,15537,"Prada Eyewear",1.000,Page
4599168,366,"Prada (Women)",4.000,Page
4385310,366,"Prada (Women)",4.000,Page
4559299,3295,"Ports 1961",2.000,Page
4412611,3295,"Ports 1961",2.000,Page
4513532,354339,"Pond's Wet Cleansing Towelettes",1.000,Page
4325759,354339,"Pond's Wet Cleansing Towelettes",1.000,Page
4325748,166397,"Playboy Fragrances",2.000,Page
4513495,166397,"Playboy Fragrances",1.000,Page
4148939,639885,"Play Eau de Toilette for Her",1.000,Page
4158121,639885,"Play Eau de Toilette for Her",0.666,Page
4148943,9514,"Platinum Guild International",2.000,Page
4148966,374288,"Plan-B One Step",2.000,Page
4325769,374288,"Plan-B One Step",2.000,Page
4513519,374288,"Plan-B One Step",2.000,Page
4599212,11323,"Piperlime",2.000,Page
4578196,11323,"Piperlime",2.000,Page
4158106,266890,"Pink Mother of Pearl and Rose Gold Collection",1.000,Page
4322125,187950,"Philadelphia Cream Cheese (Original)",1.000,Page
4158086,121034,"Perry Ellis Swim",1.000,Page
4322127,671312,"Perry Ellis Night (For Men)",2.000,Page
4340775,671312,"Perry Ellis Night (For Men)",0.333,Page
4412646,671312,"Perry Ellis Night (For Men)",2.000,Page
4325771,671312,"Perry Ellis Night (For Men)",2.000,Page
4158126,391166,"Perricone MD Cold Plasma",1.000,Cover
4559459,391166,"Perricone MD Cold Plasma",1.000,Cover
4325730,608142,"Peace, Love, & Juicy Couture",1.000,Page
4599314,608142,"Peace, Love, & Juicy Couture",1.000,Page
4513512,3358,"Payless ShoeSource",1.000,Page
4559404,3358,"Payless ShoeSource",1.000,Page
4578290,765635,"Paul Mitchell Schools",0.333,Page
4322114,765635,"Paul Mitchell Schools",0.333,Page
4599252,765635,"Paul Mitchell Schools",0.333,Page
4385371,765635,"Paul Mitchell Schools",0.333,Page
4513482,9291,"Paul Mitchell",2.000,Page
4599313,1648781,"Paul & Joe (Women)",1.000,Page
4513520,44434,"Patron XO Cafe",1.000,Page
4158119,601459,"Paris Hilton Tease",0.148,Page
4263490,54284,"Parfums Givenchy",0.125,Page
4322136,545797,"Pantene Pro-V Flat to Volume",1.000,Cover
4412658,545797,"Pantene Pro-V Flat to Volume",2.000,Page
4257684,545797,"Pantene Pro-V Flat to Volume",1.000,Page
4325761,545797,"Pantene Pro-V Flat to Volume",3.000,Page
4148967,646382,"Pantene Pro-V Dry to Moisturized Collection",2.000,Page
4599323,646382,"Pantene Pro-V Dry to Moisturized Collection",2.000,Page
4513504,646382,"Pantene Pro-V Dry to Moisturized Collection",1.000,Page
4412659,646382,"Pantene Pro-V Dry to Moisturized Collection",1.000,Page
4158113,646382,"Pantene Pro-V Dry to Moisturized Collection",2.000,Page
4170976,735161,"Pantene Pro-V Curly Hair Collection",0.116,Page
4559428,646384,"Pantene Pro-V Color Preserve Shine Collection",2.000,Page
4578266,646384,"Pantene Pro-V Color Preserve Shine Collection",2.000,Page
4513503,646384,"Pantene Pro-V Color Preserve Shine Collection",1.000,Page
4339144,646384,"Pantene Pro-V Color Preserve Shine Collection",0.169,Page
4578248,450,"Pandora Jewelry",1.000,Page
4340774,450,"Pandora Jewelry",0.333,Page
4322110,450,"Pandora Jewelry",4.000,Page
4559331,450,"Pandora Jewelry",1.000,Page
4412636,450,"Pandora Jewelry",1.000,Page
4257701,543249,"Palmer's Cocoa Butter Formula Collection (Body Care)",0.333,Page
4322132,543249,"Palmer's Cocoa Butter Formula Collection (Body Care)",0.333,Page
4148942,543253,"Palmer's Cocoa Butter Formula Collection (Baby)",0.333,Cover
4599199,353,"Oscar de la Renta",2.000,Page
4559368,353,"Oscar de la Renta",1.000,Page
4578205,807779,"Origins Plantscription Anti-Aging Serum",1.000,Page
4158093,636711,"Original Australian Sheepskin Boot",1.000,Page
4513526,10305,"Orajel",1.000,Page
4599179,1621080,"Omega De Ville Ladymatic ",2.000,Page
4559295,1621080,"Omega De Ville Ladymatic ",2.000,Page
4559430,805856,"Olay Total Effects Dark Circle Minimizing Eye  Brush",2.000,Page
4513480,805856,"Olay Total Effects Dark Circle Minimizing Eye  Brush",1.000,Page
4573103,805856,"Olay Total Effects Dark Circle Minimizing Eye  Brush",0.333,Page
4330566,752369,"Olay Regenerist Night Resurfacing Elixir",0.076,Page
9239981,578115,"Olay Regenerist Micro-Sculpting Serum",0.333,Page
4578262,495,"Olay Regenerist Collection",3.000,Page
4412656,495,"Olay Regenerist Collection",2.000,Page
4426684,495,"Olay Regenerist Collection",0.150,Page
4148955,495,"Olay Regenerist Collection",3.000,Page
4325738,495,"Olay Regenerist Collection",3.000,Page
4385345,495,"Olay Regenerist Collection",2.000,Page
4325736,346978,"Olay Regenerist Anti-Aging Eye Roller",1.000,Page
4171371,508275,"Olay Profssional Pro-X Advanced Cleansing System",0.107,Page
4158319,508275,"Olay Profssional Pro-X Advanced Cleansing System",1.000,Page
4599253,508275,"Olay Profssional Pro-X Advanced Cleansing System",1.000,Page
4158117,508275,"Olay Profssional Pro-X Advanced Cleansing System",2.000,Page
4158076,199684,"Olay Professional Pro-X",1.000,Page
4513488,734275,"Olay Facial Cleansing Collection",1.000,Page
4513491,734275,"Olay Facial Cleansing Collection",1.000,Page
4517158,734275,"Olay Facial Cleansing Collection",0.073,Page
4325750,713811,"Olay Body Ultra Moisture Bar",1.000,Page
4148951,713811,"Olay Body Ultra Moisture Bar",1.000,Page
4599262,10418,"NYDJ Not Your Daughter's Jeans",2.000,Page
4599259,525658,"NUVO Sparkling Liqueur",1.000,Page
4513541,525658,"NUVO Sparkling Liqueur",1.000,Page
4559451,525658,"NUVO Sparkling Liqueur",1.000,Page
4322121,686302,"Nova Sure",1.000,Page
4599191,350,"Nordstrom",16.000,Page
4385369,550613,"No Kid Hungry",1.000,Page
4599209,7791,"Nine West",2.000,Page
4559290,7791,"Nine West",2.000,Page
4599234,610,"Nina Ricci",2.000,Page
4322120,765651,"Nike Women Free TR Fit",1.000,Page
4325723,8703,"Nike Women",2.000,Page
4599192,318,"Nicole Miller",4.000,Page
4559456,318,"Nicole Miller",1.000,Page
4325737,60754,"Nicole by OPI",0.333,Cover
4578243,734121,"Nexxus ProMend Collection",1.000,Page
4449554,734121,"Nexxus ProMend Collection",0.072,Page
4513481,152462,"Neutrogena Oil-Free Acne Wash Pink Grapefruit Facial Cleanser",1.000,Page
4263118,9752,"Neutrogena Norwegian Formula Hand Cream Original",0.333,Page
4578216,808023,"Neutrogena Naturals Purifying Facial Cleanser",1.000,Page
4513510,128026,"Neutrogena Make-Up Remover Cleansing Towelettes",1.000,Page
4325744,128026,"Neutrogena Make-Up Remover Cleansing Towelettes",1.000,Page
4158327,128026,"Neutrogena Make-Up Remover Cleansing Towelettes",1.000,Page
4171373,128026,"Neutrogena Make-Up Remover Cleansing Towelettes",0.117,Page
4599338,663108,"Neuro (Brand)",4.000,Page
4599204,60460,"Net-A-Porter",6.000,Page
4599202,367,"Neiman Marcus",16.000,Page
4559413,10323,"Natural American Spirit",2.000,Page
4559461,10323,"Natural American Spirit",1.000,Cover
4426691,746130,"Napoleon Perdis Makeup Academy",0.180,Page
4559432,507292,"N.Y.C. New York Color",1.000,Page
4578265,346950,"MustHaveIts.com",1.000,Page
4559426,544426,"Murad Acne Collection",1.000,Page
4325783,16265,"Murad",1.000,Page
4599271,3245,"Mulberry",4.000,Page
4385353,3245,"Mulberry",1.000,Page
4559377,3245,"Mulberry",1.000,Page
4325766,11042,"Motherhood Maternity",1.000,Page
4599320,2706,"Moschino (Women)",4.000,Page
4559349,2706,"Moschino (Women)",1.000,Page
4599331,1960427,"Moroccanoil Hair",1.000,Page
4599306,1377064,"Moncler",2.000,Page
4599173,203732,"Miu Miu",2.000,Page
4559376,2719,"Missoni S.p.A.",1.000,Page
4559412,204770,"Miss Me Jeans",1.000,Page
4412614,204770,"Miss Me Jeans",2.000,Page
4578294,204770,"Miss Me Jeans",1.000,Cover
4578283,13380,"Mirena",2.000,Page
4257698,13380,"Mirena",2.000,Page
4257699,13380,"Mirena",2.000,Page
4578188,1478721,"MICHAEL Michael Kors Handbags",2.000,Page
4559292,1478721,"MICHAEL Michael Kors Handbags",2.000,Page
4385313,1638149,"Michael Kors (Women)",2.000,Page
4599184,1638149,"Michael Kors (Women)",3.000,Page
4158120,676555,"Michael Jackson: The Making of Thriller",1.000,Page
4559414,451418,"Metalsmiths Sterling",1.000,Page
4599229,826428,"Merino",2.000,Page
4385341,24726,"Mercedes-Benz Fashion Week",2.000,Page
4257692,196166,"MEK Denim",0.333,Page
4513551,210231,"Medical Billing Specialist (U.S. Career Institute)",0.500,Page
4158110,5026,"Mayors",1.000,Page
4322085,747291,"Maybelline Volum' Express One by One Mascara",2.000,Page
4578218,747291,"Maybelline Volum' Express One by One Mascara",1.000,Page
4412602,747291,"Maybelline Volum' Express One by One Mascara",2.000,Page
4513474,747291,"Maybelline Volum' Express One by One Mascara",2.000,Page
4385347,747291,"Maybelline Volum' Express One by One Mascara",2.000,Page
4325727,771472,"Maybelline Superstay 24hr Lipcolor",2.000,Page
4599332,751681,"Maybelline Fit Me Collection",3.000,Page
4513492,751681,"Maybelline Fit Me Collection",2.000,Page
4322108,751681,"Maybelline Fit Me Collection",2.000,Page
4412640,765822,"Maybelline Fit Me Coconut 355",1.000,Page
4412639,765821,"Maybelline Fit Me 220",1.000,Page
4513490,765821,"Maybelline Fit Me 220",1.000,Page
4325728,606716,"Maybelline Dream Smooth Mousse Ultra-Hydrating Foundation",1.000,Page
4385366,606716,"Maybelline Dream Smooth Mousse Ultra-Hydrating Foundation",1.333,Page
4559344,606716,"Maybelline Dream Smooth Mousse Ultra-Hydrating Foundation",1.333,Page
4578242,606716,"Maybelline Dream Smooth Mousse Ultra-Hydrating Foundation",1.333,Page
4158081,647995,"Maybelline Color Sensational Lipcolor Red Revival",1.000,Page
4578253,1270657,"Maybelline Color Sensational Lipcolor Pink & Proper",1.333,Page
4412619,1270657,"Maybelline Color Sensational Lipcolor Pink & Proper",1.000,Page
4513487,1270657,"Maybelline Color Sensational Lipcolor Pink & Proper",2.000,Page
4461104,170468,"Maximilian Fur Salon at Bloomingdale's",0.148,Page
4412607,587,"Max Mara",2.000,Page
4385325,587,"Max Mara",2.000,Page
4599200,587,"Max Mara",2.000,Page
4564724,587,"Max Mara",2.000,Page
4599328,799038,"Mark What A Line Felt Tip Eyeliner",1.000,Page
4148952,577310,"Mark Lipclick",1.000,Page
4339145,873,"Mark (Cosmetics)",0.180,Page
4158089,310056,"Marco Bicego Goa Collection",1.000,Page
4559382,17587,"Marco Bicego",1.000,Page
4412623,349396,"Marc Jacobs Lola",1.000,Page
4322103,349396,"Marc Jacobs Lola",1.000,Page
4325754,349396,"Marc Jacobs Lola",1.000,Page
4385349,349396,"Marc Jacobs Lola",1.000,Page
4599286,1512856,"Marc Jacobs Daisy Eau So Fresh",1.000,Page
4513522,1512856,"Marc Jacobs Daisy Eau So Fresh",2.000,Page
4578226,1512856,"Marc Jacobs Daisy Eau So Fresh",1.000,Page
4559359,1512856,"Marc Jacobs Daisy Eau So Fresh",1.000,Page
4559307,347,"Marc Jacobs (Women)",2.000,Page
4599169,347,"Marc Jacobs (Women)",2.000,Page
4385315,347,"Marc Jacobs (Women)",2.000,Page
4158305,347,"Marc Jacobs (Women)",2.000,Page
4513494,118047,"Marc Ecko",1.000,Page
4578185,832,"Marc by Marc Jacobs (Women)",2.000,Page
4599349,3543,"Manolo Blahnik",1.000,Page
4517368,1511,"Mane 'n Tail (Brand)",0.333,Page
4263117,698315,"Make Up For Ever Rouge Artist",0.333,Page
4573102,814453,"Make Up For Ever HD Foundation",0.216,Page
4599237,821400,"Maje Paris",2.000,Page
4385337,158978,"Macy's Impulse",2.000,Page
4599240,6347,"Macy's",2.000,Page
4578227,6347,"Macy's",2.000,Page
4322117,768091,"M.Powerment Linked to My Heart Bracelet",0.250,Page
4148959,393931,"M.powerment",1.000,Page
4325763,393931,"M.powerment",1.000,Page
4599189,526051,"M.A.C. VivaGlam Collection",1.000,Page
4559294,526051,"M.A.C. VivaGlam Collection",1.000,Page
4148960,444847,"Luster 1 Hour White",1.000,Page
4559365,10598,"Lucky Brand Jeans",1.000,Page
4578224,10598,"Lucky Brand Jeans",1.000,Page
4513525,471255,"Loved by Heidi Klum",1.000,Page
4599283,702238,"Love, Chloe",1.000,Page
4578211,702238,"Love, Chloe",1.000,Page
4559343,702238,"Love, Chloe",1.000,Page
4158124,735154,"Love Letters Bracelet",1.000,Page
4158127,787070,"Louis Vuitton Handbags (Women)",1.000,Cover
4578179,787070,"Louis Vuitton Handbags (Women)",2.000,Cover
4559276,787070,"Louis Vuitton Handbags (Women)",2.000,Page
4412589,787070,"Louis Vuitton Handbags (Women)",2.000,Page
4599162,787070,"Louis Vuitton Handbags (Women)",2.000,Page
4158301,787070,"Louis Vuitton Handbags (Women)",2.000,Cover
4385301,787070,"Louis Vuitton Handbags (Women)",4.000,Cover
4559441,2901,"Loree Rodkin Jewelry",1.000,Page
4158321,731861,"L'Oreal Paris Youth Code Serum Intense",2.000,Page
4599287,731861,"L'Oreal Paris Youth Code Serum Intense",2.000,Page
4559433,731861,"L'Oreal Paris Youth Code Serum Intense",2.000,Page
4322105,731861,"L'Oreal Paris Youth Code Serum Intense",2.000,Page
4158310,673123,"L'Oreal Paris Youth Code Collection",6.000,Page
4257683,673123,"L'Oreal Paris Youth Code Collection",5.000,Page
4523717,548479,"L'Oreal Paris Women of Worth",0.070,Page
4385338,768074,"L'Oreal Paris Voluminous Original Mascara",4.000,Page
4322104,768074,"L'Oreal Paris Voluminous Original Mascara",4.000,Page
4322082,1559085,"L'Oreal Paris True Match Super-Blendable Foundation Soft Sable C6",2.000,Page
4578197,1559085,"L'Oreal Paris True Match Super-Blendable Foundation Soft Sable C6",2.000,Page
4578300,1127278,"L'Oreal Paris True Match Super-Blendable Foundation",1.000,Cover
4599308,1291706,"L'Oreal Paris Revitalift Deep-Set Wrinkle Repair Collection",2.000,Page
4599278,2013329,"L'Oreal Paris Magic Smooth Souffle Natural Buff",2.000,Page
4385352,2013329,"L'Oreal Paris Magic Smooth Souffle Natural Buff",2.000,Page
4412596,2013329,"L'Oreal Paris Magic Smooth Souffle Natural Buff",2.000,Page
4578187,2010854,"L'Oreal Paris Infallible Le Rouge Lipcolor Ravishing Red",2.000,Page
4599260,2010854,"L'Oreal Paris Infallible Le Rouge Lipcolor Ravishing Red",2.000,Page
4322106,765604,"L'Oreal Paris Go 360 Clean Anti-Breakout Facial Cleanser",1.000,Page
4578194,999377,"L'Oreal Paris EverSleek Sulfate-Free Smoothing System",2.000,Page
4385354,999377,"L'Oreal Paris EverSleek Sulfate-Free Smoothing System",2.000,Page
4385344,1876623,"L'Oreal Paris Colour Riche Lipcolour Volcanic 410",2.000,Page
4325724,1879568,"L'Oreal Paris Colour Riche Lipcolour True Red 315",2.000,Page
4412613,15373,"L'Oreal Paris Colour Riche Collection",2.000,Page
8345836,7068,"L'Oreal Paris",2.000,Cover
4513469,1398134,"L'Oreal Feria #73 Dark Golden Blonde",2.000,Page
4599236,5160,"Lord & Taylor",4.000,Page
4559329,5160,"Lord & Taylor",2.000,Page
4578231,5160,"Lord & Taylor",2.000,Page
4559335,2685,"Longchamp",2.000,Page
4599268,2685,"Longchamp",2.000,Page
4599265,8608,"LOFT",2.000,Page
4578190,8608,"LOFT",2.000,Page
4578189,10436,"Light Blue For Women",2.000,Page
4322087,10436,"Light Blue For Women",1.000,Page
4412612,10436,"Light Blue For Women",1.000,Page
4599216,10436,"Light Blue For Women",1.000,Page
4513554,10436,"Light Blue For Women",1.000,Cover
4325726,10436,"Light Blue For Women",1.000,Page
9239795,809363,"Life as We Know It (Home Video)",0.250,Page
4599220,1923689,"lexus.com/thehardway",2.000,Page
4599311,606412,"Levi's Curve ID",4.000,Page
4559358,606412,"Levi's Curve ID",4.000,Page
4578230,606412,"Levi's Curve ID",4.000,Page
4562033,5203,"Leslie Greene",0.152,Page
4559361,157239,"Leon Max",2.000,Page
4599224,157239,"Leon Max",2.000,Page
4158108,79118,"Le Vian Chocolate Wedding Chocolate Diamonds",4.000,Page
4578200,835,"Lauren by Ralph Lauren",2.000,Page
4559427,652603,"Laura Mercier Flawless Face Collection",2.000,Page
4322113,235597,"Latisse",2.000,Page
4257694,235597,"Latisse",1.000,Page
4578258,235597,"Latisse",2.000,Page
4158328,235597,"Latisse",2.000,Page
4599274,967451,"Lanvin (Women)",4.000,Page
4559374,967451,"Lanvin (Women)",1.000,Page
4578235,485252,"Lands' End Canvas Collection",1.000,Page
4385306,765824,"Lancome Ultra Lavande",2.000,Page
4158334,615380,"Lancome Teint Miracle Collection",1.000,Cover
4513467,615380,"Lancome Teint Miracle Collection",2.000,Cover
4158068,615380,"Lancome Teint Miracle Collection",2.000,Page
4322080,615380,"Lancome Teint Miracle Collection",2.000,Page
4559279,615380,"Lancome Teint Miracle Collection",2.000,Page
4412591,246372,"Lancome Genifique Youth Activating Concentrate",2.000,Page
4158306,246372,"Lancome Genifique Youth Activating Concentrate",2.000,Page
4599164,246372,"Lancome Genifique Youth Activating Concentrate",2.000,Page
4599284,587907,"Lancome Definicils Precious Cells",1.000,Page
4578209,587907,"Lancome Definicils Precious Cells",1.000,Page
4148958,607851,"Lady Million",2.000,Page
4599248,1446273,"Lacoste (Women)",2.000,Page
4559345,1446273,"Lacoste (Women)",2.000,Page
4559346,772519,"La Prairie Cellular Power Infusion",1.000,Page
4322128,9620,"La Prairie",1.000,Page
4322118,719399,"K-Y Yours + Mine Kissable Sensations for the Body",1.000,Page
4325762,719399,"K-Y Yours + Mine Kissable Sensations for the Body",1.000,Page
4578293,3310,"Kotex",1.000,Page
4559440,3310,"Kotex",1.000,Page
4559408,3435,"K-Mart",4.000,Page
4599258,3435,"K-Mart",4.000,Page
4563032,17186,"Kersh",1.000,Page
4599342,257234,"Kenneth Salon",1.000,Page
4599217,203526,"Kenneth Cole Productions Inc.",2.000,Page
4158101,692172,"Kenmore Elite Top-Load Washer",1.333,Page
4322129,22210,"Keep A Child Alive",1.000,Page
4599190,145,"Keds",1.000,Page
4148941,737056,"Katy Perry Collection by OPI",1.333,Page
4158077,737056,"Katy Perry Collection by OPI",1.333,Cover
4412618,737056,"Katy Perry Collection by OPI",1.333,Cover
4559411,24494,"Kathy Van Zeeland",1.000,Page
4517159,24494,"Kathy Van Zeeland",0.089,Page
4513542,24494,"Kathy Van Zeeland",1.000,Page
4599315,788632,"Kate Spade Scout Bag",2.000,Page
4559318,788632,"Kate Spade Scout Bag",2.000,Page
4392555,215907,"Kameleon Jewelry",1.000,Page
4559455,215907,"Kameleon Jewelry",1.000,Page
4148946,63021,"Kahlua",1.000,Page
4599330,510856,"Juvederm XC",1.333,Page
4599208,9856,"Juicy Couture",2.000,Page
4559311,9856,"Juicy Couture",2.000,Page
4578220,9856,"Juicy Couture",1.000,Page
4170974,735171,"Jorg Gray Fine Writing Instruments",0.124,Page
4156084,699939,"Jordin Sparks Because of You Fragrance",0.075,Page
4599211,723277,"Jones New York Empowerment Fund",2.000,Page
4559297,723277,"Jones New York Empowerment Fund",2.000,Page
4559396,52403,"Joie",2.000,Page
4599296,52403,"Joie",2.000,Page
4559388,814432,"John Frieda Full Repair Collection",1.000,Page
4599244,7400,"Jimmy Choo Footwear",2.000,Page
4599318,1193593,"Jimmy Choo Eau de Toilette",2.000,Page
4559363,1193593,"Jimmy Choo Eau de Toilette",2.000,Page
4385334,804191,"Jil Sander Navy",2.000,Page
4599303,2590,"Jil Sander (Women)",2.000,Page
4559384,2596,"Jessica Simpson Collection",1.000,Page
4412668,53818,"Jeffrey Modell Foundation",1.000,Page
4325782,53818,"Jeffrey Modell Foundation",1.000,Page
4559378,2643,"Jean Paul Gaultier (Women)",1.000,Page
4158082,1814200,"J'adore Eau de Parfum",2.000,Page
4257690,1814200,"J'adore Eau de Parfum",2.000,Page
4385368,41820,"J. Sisters International",1.000,Page
4578282,41820,"J. Sisters International",1.000,Page
4559375,18403,"J Brand",2.000,Page
4412630,18403,"J Brand",1.000,Page
4385355,18403,"J Brand",1.000,Page
4599210,18403,"J Brand",2.000,Page
4578236,817657,"Ivanka Trump Footwear",1.000,Page
4559328,157237,"Isabel Marant",1.000,Page
4599272,157237,"Isabel Marant",1.000,Page
4599277,533067,"Ippolita Rock Candy Bangles",1.000,Page
4559360,24086,"Ippolita",1.000,Page
4257688,11643,"INTERMIX",0.333,Page
4599256,516468,"Inoa",2.000,Page
4158308,516468,"Inoa",2.000,Page
4148944,1177,"Infusium 23",1.000,Page
4158092,155851,"Infusion d'Iris",2.000,Page
4578247,431094,"Iman Global Chic (HSN Home Shopping Network)",1.000,Page
4513501,4905,"I.N.C. International Concepts",1.000,Page
4578251,21164,"Hyundai Elantra",2.000,Page
4559417,21164,"Hyundai Elantra",2.000,Page
4513536,1913,"HydroxyCut",1.000,Page
4325780,1913,"HydroxyCut",1.000,Page
4599340,549813,"HydroPeptide SPF 30",1.000,Page
4158312,709039,"HTC HD7",2.000,Page
4158074,709039,"HTC HD7",2.000,Page
4412673,794753,"Hope On A Hanger Shapewear Collection",1.000,Cover
4599298,605,"HONORA Industries, Inc.",1.000,Page
4170975,735167,"Heroes are Human",0.150,Page
4412654,263381,"Herbal Essences Hair Care",1.000,Page
4559431,263381,"Herbal Essences Hair Care",1.000,Page
4347976,768098,"Heidi's Heavenly Cookies, LLC",0.075,Page
4559437,325931,"Hearts on Fire Diamond Engagement Ring",1.000,Page
4158091,325931,"Hearts on Fire Diamond Engagement Ring",1.000,Page
4426690,472200,"Heart Truth Pendant",0.113,Page
4412624,472200,"Heart Truth Pendant",4.000,Page
4513531,805896,"Healthy Choice Rosemary Chicken & Sweet Potatoes",1.000,Page
4158104,186062,"Haute Holidays",1.000,Page
4559405,2705,"Hale Bob",2.000,Page
4513538,5572,"Hair U Wear, Inc.",1.000,Page
4599188,4745,"H&M",2.000,Page
4599263,20530,"Guess Swim",4.000,Page
4385317,20530,"Guess Swim",2.000,Page
4559353,20530,"Guess Swim",4.000,Page
4412595,5399,"Guess Handbags",2.000,Page
4412590,237693,"Gucci Footwear (Women)",2.000,Page
4559278,965288,"Gucci (Women)",2.000,Page
4385305,965288,"Gucci (Women)",2.000,Page
4599160,965288,"Gucci (Women)",2.000,Page
4559460,965288,"Gucci (Women)",1.000,Cover
4559381,10314,"G-Star Raw C.V.",1.000,Page
4322138,15156,"GQ",1.000,Cover
4559291,8367,"GO International",2.000,Page
4599177,8367,"GO International",2.000,Page
9239989,890458,"GNC Total Lean Total Body Transformation System",0.192,Page
4578273,1446,"GNC General Nutrition Centers",1.000,Page
4322115,1446,"GNC General Nutrition Centers",1.000,Page
4385363,1446,"GNC General Nutrition Centers",1.000,Page
4599337,1446,"GNC General Nutrition Centers",1.000,Page
4158096,550702,"Glo.com",1.000,Page
4559302,550702,"Glo.com",1.000,Page
4412642,550702,"Glo.com",1.000,Page
4578232,594112,"Glamour Match Maker",1.000,Page
4257702,594112,"Glamour Match Maker",1.000,Page
4322133,690977,"Glamour Magazine Mobile App",1.000,Page
4591236,690977,"Glamour Magazine Mobile App",0.666,Page
4257689,690977,"Glamour Magazine Mobile App",1.000,Page
4578299,27544,"Glamour",1.000,Cover
4578297,27544,"Glamour",1.000,Cover
4322139,27544,"Glamour",1.000,Cover
4322140,27544,"Glamour",1.000,Cover
4322141,27544,"Glamour",1.000,Cover
4257708,27544,"Glamour",1.000,Cover
4322131,468773,"Glamalert.com/store",0.500,Page
4578202,6097,"Glam Alert",1.000,Page
4599241,11230,"Givenchy (Women)",1.000,Page
4599280,1791312,"Giuseppe Zanotti Designs (Women)",4.000,Page
4412592,1429683,"Giorgio Armani (Women)",2.000,Page
4559277,1429683,"Giorgio Armani (Women)",2.000,Page
4517157,671979,"Gilt City",0.154,Page
4578199,800865,"GG 2899/S",1.000,Page
4322126,324369,"GEICO Insurance",1.000,Page
4513514,605497,"Garnier Ultra-Lift Anti-Wrinkle Firming Moisturizer",1.000,Page
4513515,802457,"Garnier Ultra-Lift Anti-Wrinkle Eye Roller",1.000,Page
4158072,881863,"Garnier Nutrisse Nourishing Color Creme 90",1.000,Page
4158078,589627,"Garnier Moisture Rescue Refreshing Oil-Free Gel Cream",1.000,Page
4578221,589627,"Garnier Moisture Rescue Refreshing Oil-Free Gel Cream",1.000,Page
4322086,589627,"Garnier Moisture Rescue Refreshing Oil-Free Gel Cream",1.000,Page
4412617,589627,"Garnier Moisture Rescue Refreshing Oil-Free Gel Cream",1.000,Page
4513516,589627,"Garnier Moisture Rescue Refreshing Oil-Free Gel Cream",1.000,Page
4325729,589627,"Garnier Moisture Rescue Refreshing Oil-Free Gel Cream",1.000,Page
4385362,589627,"Garnier Moisture Rescue Refreshing Oil-Free Gel Cream",1.000,Page
4525711,1415745,"Garnier Moisture Rescue",0.142,Page
9239991,1026106,"Garnier Fructis Style Sleek & Shine Blow Dry Perfector",0.333,Page
4158088,125,"Garnier Fructis Haircare",2.000,Page
4578181,1083778,"GAP Soft Collection",6.000,Page
4599159,1083778,"GAP Soft Collection",6.000,Cover
4325789,44284,"GameStop Stores",1.000,Page
4385333,1170687,"Furla Handbags",1.000,Page
4599275,1170687,"Furla Handbags",1.000,Page
4325784,451746,"FullFast",1.000,Page
4325791,1467,"Frito-Lay North America, Inc.",1.000,Page
4322134,1467,"Frito-Lay North America, Inc.",1.000,Page
4578292,316074,"Friskies Seafood Sensations",1.000,Page
4599302,24088,"Fratelli Rossetti S.p.A.",1.000,Page
4599205,821398,"Franco Sarto Artist's Collection",4.000,Page
4578234,272937,"Fortune Dynamic Delicious",1.000,Page
4263212,677672,"Ford Ones To Watch Sweepstakes",0.250,Page
4158331,677672,"Ford Ones To Watch Sweepstakes",0.333,Page
4158333,9475,"Ford Edge",1.000,Cover
4257693,9475,"Ford Edge",1.000,Page
4158097,192632,"Flip Video",0.500,Page
4559409,118677,"Film Independent Spirit Awards",1.000,Page
4412593,824,"Fendi (Women)",2.000,Page
4559280,824,"Fendi (Women)",2.000,Page
4385311,824,"Fendi (Women)",2.000,Page
4599158,824,"Fendi (Women)",6.000,Cover
4158330,650010,"Fekkai Advanced Essential Shea",4.000,Page
4148975,650010,"Fekkai Advanced Essential Shea",1.000,Cover
4158066,650010,"Fekkai Advanced Essential Shea",2.000,Cover
4322101,650010,"Fekkai Advanced Essential Shea",4.000,Page
4578210,349383,"Fekkai Advanced Collection",2.000,Page
4412608,349383,"Fekkai Advanced Collection",2.000,Page
4559312,349383,"Fekkai Advanced Collection",2.000,Page
4325721,349383,"Fekkai Advanced Collection",3.000,Cover
4513544,765562,"Febreze Air Effects New Zealand Springs",1.000,Page
4513533,101680,"Fastin",1.000,Page
4325801,101680,"Fastin",1.000,Page
4148962,202672,"Extra Polar Ice",1.000,Page
4513502,19174,"Express, Inc.",1.000,Page
4599261,19174,"Express, Inc.",2.000,Page
4578222,19174,"Express, Inc.",1.000,Page
4325797,111936,"Exploring Better Sex Video Series",1.000,Page
4163504,511265,"Eventi Hotel",0.084,Page
4385367,467395,"Eva by Eva Longoria",2.000,Page
4599269,1005562,"Etro (Women)",4.000,Page
4559334,1005562,"Etro (Women)",2.000,Page
4385303,770455,"Estee Lauder Wild Violet Pure Color Collection",2.000,Page
4578183,485825,"Estee Lauder Skincare",2.000,Page
4559281,804394,"Estee Lauder Pure Color Lipstick",2.000,Page
4599161,804394,"Estee Lauder Pure Color Lipstick",2.000,Page
4158304,768021,"Estee Lauder DayWear Collection",2.000,Page
4148935,768021,"Estee Lauder DayWear Collection",2.000,Page
4412587,768021,"Estee Lauder DayWear Collection",2.000,Cover
4322077,768021,"Estee Lauder DayWear Collection",2.000,Cover
4599218,826322,"Essie Wicked",2.000,Page
4559337,812703,"Essie Mademoiselle",2.000,Page
4578250,819478,"Essie French Affair Nail Lacquer",1.000,Page
4599326,819478,"Essie French Affair Nail Lacquer",1.000,Page
4559442,819478,"Essie French Affair Nail Lacquer",1.000,Page
4578203,804656,"Essie Fifth Avenue",2.000,Page
4559371,7319,"Escada",1.000,Page
4412629,7319,"Escada",1.000,Page
4599226,7319,"Escada",4.000,Page
4385350,7319,"Escada",1.000,Page
4599238,593896,"Equipment Femme",1.000,Page
4325767,674612,"eos Lip Balm Smooth Sphere in Summer Fruit",1.000,Page
4158102,1092225,"eos Lip Balm Smooth Sphere Collection",1.000,Page
4559322,5228,"Elle.com",1.000,Page
4158099,93601,"Elle Women in Hollywood",2.000,Page
4158109,4550,"Elle Time & Jewelry",1.000,Page
4412663,4550,"Elle Time & Jewelry",1.000,Page
4412638,784628,"Elle Spa",2.000,Page
4559354,784628,"Elle Spa",1.000,Page
4559452,3580,"Elle Shops",6.000,Page
4412664,701901,"Elle Personal Stylist",1.000,Page
4158125,701901,"Elle Personal Stylist",1.000,Page
4426686,451381,"Elle Make Better DVD Collection",0.160,Page
4165139,451381,"Elle Make Better DVD Collection",0.084,Page
4559458,615399,"Elle iPad App",1.000,Page
4412666,701903,"Elle Horoscope",1.000,Page
4559313,106413,"ELLE Extra",0.250,Page
4573104,106413,"ELLE Extra",0.234,Page
4559445,735153,"Elle Dream Of A Lifetime Sweepstakes",1.000,Page
4427120,735153,"Elle Dream Of A Lifetime Sweepstakes",0.666,Page
4158118,735153,"Elle Dream Of A Lifetime Sweepstakes",0.333,Page
4559340,151262,"Elle (Women's Sportswear)",2.000,Page
4461104,170468,"Maximilian Fur Salon at Bloomingdale's",0.148,Page
4412675,2723,"ELLE",1.000,Cover
4158128,2723,"ELLE",1.000,Cover
4559462,2723,"ELLE",1.000,Cover
4578287,743413,"Ella",2.000,Page
4325786,743413,"Ella",2.000,Page
4412633,765628,"Elizabeth Arden Ceramide Ultra Lift and Firm Makeup SPF 15",1.000,Page
4559325,765628,"Elizabeth Arden Ceramide Ultra Lift and Firm Makeup SPF 15",1.000,Page
4559389,383,"Elie Tahari",1.000,Page
4599291,383,"Elie Tahari",1.000,Page
4599288,676,"Eileen Fisher",1.000,Page
4158122,1767334,"Eden Roc Miami Beach",1.000,Page
4513534,645265,"Eau Fling",0.333,Page
4525711,1415745,"Garnier Moisture Rescue",0.142,Page
4523715,765662,"Durex Love Box",0.178,Page
4325770,765662,"Durex Love Box",1.333,Page
4148961,118395,"Durex",0.500,Page
4599324,18414,"DSW",1.000,Page
4513505,18414,"DSW",1.000,Page
4578225,18414,"DSW",1.000,Page
4559391,18414,"DSW",1.000,Page
4559357,997118,"DSquared2 (Women)",1.000,Page
4412622,997118,"DSquared2 (Women)",1.000,Page
4325776,1094984,"Dove Promises Hearts Milk Chocolate",1.000,Page
4325752,819502,"Dove Go Fresh Deodorant Collection",1.000,Page
4513506,413307,"Dove Bar/Body Wash",1.000,Page
4599174,56737,"Donna Karan New York",2.000,Page
4599297,16743,"Donna Karan Cashmere Mist",2.000,Page
4599167,967229,"Dolce & Gabbana (Women)",2.000,Page
4385307,967229,"Dolce & Gabbana (Women)",2.000,Page
4412594,967229,"Dolce & Gabbana (Women)",2.000,Page
4559282,967229,"Dolce & Gabbana (Women)",2.000,Page
4578182,737,"DKNY Jeans",2.000,Page
4513468,737,"DKNY Jeans",2.000,Page
4385322,511743,"DKNY (Women)",2.000,Page
4559285,511743,"DKNY (Women)",2.000,Page
4412599,511743,"DKNY (Women)",2.000,Page
4347975,699689,"Divalicious Blog",0.169,Page
4513539,699689,"Divalicious Blog",0.164,Page
4156085,699689,"Divalicious Blog",0.147,Page
4148953,69784,"Dior Parfums",2.000,Page
4322089,1987432,"Dior One Essential Super Skin Boosting Serum",1.000,Page
4158070,1672628,"Dior Handbags (Women)",1.000,Page
4158303,1672628,"Dior Handbags (Women)",2.000,Page
4599163,165627,"Dior (Women)",2.000,Page
4385373,165627,"Dior (Women)",1.000,Cover
4559275,165627,"Dior (Women)",2.000,Page
4412674,165627,"Dior (Women)",1.000,Cover
4578207,1514,"Dillard's, Inc.",4.000,Page
4599195,1514,"Dillard's, Inc.",4.000,Page
4578193,185,"Diesel S.p.A.",2.000,Page
4559372,185,"Diesel S.p.A.",2.000,Page
4599317,197057,"Diesel Black Gold",3.000,Page
4599273,825,"Diane von Furstenberg",1.000,Page
4559327,825,"Diane von Furstenberg",1.000,Page
4426687,825,"Diane von Furstenberg",0.183,Page
4578238,379013,"Details Style Council",1.000,Page
4559449,377612,"DermStore.com",1.000,Page
4385346,739499,"De Beers Atea Collection",1.000,Page
4599175,465425,"David Yurman Fine Jewelry",2.000,Page
4559288,465425,"David Yurman Fine Jewelry",2.000,Page
4322119,384796,"Crystal Light Natural Lemonade",1.000,Page
4325778,384796,"Crystal Light Natural Lemonade",1.000,Page
4559402,805935,"Croco Luxe Collection",1.000,Page
4148954,374322,"Crest Extra White Plus Scope Outlast",1.000,Page
4385318,1943678,"CoverGirl NatureLuxe Silk Foundation Alabaster",2.000,Page
4322094,1943678,"CoverGirl NatureLuxe Silk Foundation Alabaster",1.333,Page
4322090,1858518,"CoverGirl LipPerfection Lipcolor Hot",1.000,Page
4578264,1858518,"CoverGirl LipPerfection Lipcolor Hot",1.000,Page
4559435,1858518,"CoverGirl LipPerfection Lipcolor Hot",1.000,Page
4412661,1858518,"CoverGirl LipPerfection Lipcolor Hot",2.000,Page
4599196,1858518,"CoverGirl LipPerfection Lipcolor Hot",5.000,Page
4325733,1858518,"CoverGirl LipPerfection Lipcolor Hot",2.000,Page
4562034,1858512,"CoverGirl LipPerfection Lipcolor",0.172,Page
4325731,1949795,"CoverGirl LashBlast Fusion Very Black",2.000,Page
4148937,263839,"CoverGirl Exact Collection",1.000,Page
4158115,263839,"CoverGirl Exact Collection",2.000,Page
4257707,263839,"CoverGirl Exact Collection",1.000,Cover
4148933,1943393,"CoverGirl Clean Oil Control Classic Tan",2.000,Cover
4158103,1943384,"CoverGirl Clean Normal Skin Ivory",2.000,Page
4412616,1943384,"CoverGirl Clean Normal Skin Ivory",1.000,Page
4559439,263952,"CoverGirl Blast Collection",2.000,Page
4325725,263952,"CoverGirl Blast Collection",2.000,Page
4599242,263952,"CoverGirl Blast Collection",1.333,Cover
4385339,263952,"CoverGirl Blast Collection",1.000,Page
4158313,566483,"CoverGirl & Olay Simply Ageless Serum Primer",1.000,Page
4385316,1504,"CoverGirl",2.000,Page
4599178,1504,"CoverGirl",2.000,Page
4325722,1504,"CoverGirl",3.000,Page
4513471,1504,"CoverGirl",3.000,Page
4559436,1504,"CoverGirl",1.000,Page
4322081,1504,"CoverGirl",2.000,Page
4163503,306744,"Cosmo's Summer Splash",0.167,Page
4513517,504083,"Cosmo's Sex Position of The Day! App",1.000,Page
4163502,354408,"Cosmo's Bachelor Party",0.221,Page
4513484,400466,"Cosmopolitan Kisses for the Troops",1.000,Page
4513530,674086,"Cosmopolitan Fun Fearless Female Campaign",1.000,Page
4517156,674086,"Cosmopolitan Fun Fearless Female Campaign",0.265,Page
4148972,674086,"Cosmopolitan Fun Fearless Female Campaign",0.086,Page
4513479,1055886,"Cosmopolitan for iPad",1.000,Page
4325806,4490,"Cosmopolitan",1.000,Cover
4148976,4490,"Cosmopolitan",1.000,Cover
4156087,532541,"Cosmo App (Shop Cosmo)",0.193,Page
4325781,629015,"Corinne McCormack",1.000,Page
4412667,629015,"Corinne McCormack",1.000,Page
4599270,17164,"Cooper-Hewitt National Design Museum",1.000,Page
4599183,53733,"Conde Nast Store",1.000,Page
4578206,53733,"Conde Nast Store",1.000,Page
4325792,21434,"Colgate Total",1.000,Page
4525711,1415745,"Garnier Moisture Rescue",0.142,Page
4599289,1114682,"Cole Haan (Women)",1.000,Page
4559386,1114682,"Cole Haan (Women)",1.000,Page
4325793,719404,"Coffee-Mate Caramel Macchiato",1.000,Page
4412615,608160,"Coach Poppy Fragrance",1.000,Page
4578219,608160,"Coach Poppy Fragrance",1.000,Page
4322084,608160,"Coach Poppy Fragrance",1.000,Page
4517155,2583,"Club Med, Inc.",0.087,Page
4385309,501368,"Clinique Even Better Clinical Dark Spot Corrector",2.000,Page
4322079,471231,"Clinique Clarifying Lotion Collection",2.000,Page
4412600,747264,"Clinique Chubby Stick Moisturizing Lip Color Balm",1.000,Page
4385372,747264,"Clinique Chubby Stick Moisturizing Lip Color Balm",1.000,Cover
4513477,747264,"Clinique Chubby Stick Moisturizing Lip Color Balm",1.000,Page
4599350,747264,"Clinique Chubby Stick Moisturizing Lip Color Balm",1.000,Cover
4599166,804388,"Clinique Bottom Lash Mascara",2.000,Page
4559289,804388,"Clinique Bottom Lash Mascara",2.000,Page
4578191,804388,"Clinique Bottom Lash Mascara",2.000,Page
4513498,787081,"Clearasil Ultra Acne + Marks Wash & Mask",1.000,Page
4578260,1376606,"Clearasil Daily Clear Oil-Free Daily Face Wash",1.000,Page
4322100,236302,"Clean & Clear Advantage Acne Control Kit",1.000,Page
4325732,236302,"Clean & Clear Advantage Acne Control Kit",1.000,Page
4599319,378,"Cle de Peau Beaute La Creme",1.000,Page
4385356,66292,"Clarisonic",2.000,Page
4158325,66292,"Clarisonic",2.000,Page
4325734,66292,"Clarisonic",2.000,Page
4148938,66292,"Clarisonic",2.000,Page
4257691,66292,"Clarisonic",2.000,Page
4263214,66292,"Clarisonic",0.125,Page
4158114,66292,"Clarisonic",2.000,Page
4412662,66292,"Clarisonic",2.000,Page
4412604,347020,"Clarins Multi-Active Day",2.000,Page
4322083,347020,"Clarins Multi-Active Day",2.000,Page
4578198,347020,"Clarins Multi-Active Day",2.000,Page
4559303,9255,"Clarins Group",4.000,Page
4599181,536288,"Clarins Face",4.000,Page
4385319,536309,"Clarins Extra-Firming Day Cream",2.000,Page
4385358,466470,"Choo 24:7",1.000,Page
4412626,466470,"Choo 24:7",1.000,Page
4412610,777,"Chloe",2.000,Page
4559333,777,"Chloe",2.000,Page
4429594,777,"Chloe",2.000,Page
4599309,777,"Chloe",2.000,Page
4257681,633589,"Chevy Cruze",2.000,Cover
4148934,633589,"Chevy Cruze",2.000,Page
4325742,633589,"Chevy Cruze",2.000,Page
4559387,633589,"Chevy Cruze",2.000,Page
4322088,633589,"Chevy Cruze",2.000,Page
4578217,378988,"Chevrolet (Corporate)",2.000,Page
4158326,378988,"Chevrolet (Corporate)",1.000,Page
4599351,742520,"Chanel J12 29MM",1.000,Cover
4385320,638380,"Chanel Inimitable Intense Mascara",1.000,Page
4578204,638380,"Chanel Inimitable Intense Mascara",1.000,Page
4412606,638380,"Chanel Inimitable Intense Mascara",1.000,Page
4559323,502591,"Chanel Chance Eau Tendre",2.000,Page
4322137,502591,"Chanel Chance Eau Tendre",1.000,Cover
4148948,502591,"Chanel Chance Eau Tendre",2.000,Page
4325805,502591,"Chanel Chance Eau Tendre",1.000,Cover
4385302,9280,"Chanel (Women)",2.000,Page
4158302,9280,"Chanel (Women)",2.000,Page
4599182,9280,"Chanel (Women)",5.000,Page
4158067,9280,"Chanel (Women)",2.000,Page
4412588,9280,"Chanel (Women)",2.000,Page
4559274,9280,"Chanel (Women)",6.000,Cover
4578268,5348,"Champion (Athletic Wear)",1.000,Page
4325747,5348,"Champion (Athletic Wear)",1.000,Page
4412645,784640,"Chamilia Heart Collection",1.000,Page
4385348,166670,"CH Carolina Herrera",3.000,Page
4559399,124886,"CETTU",2.000,Page
4559330,2761,"Cesare Paciotti",4.000,Page
4599294,2761,"Cesare Paciotti",4.000,Page
4599233,623,"Celine",2.000,Page
4148965,98069,"Cash Back Bonus",1.000,Page
4599232,443520,"Cartier Tank Americaine",1.000,Page
4158307,9047,"Cartier LOVE Collection",2.000,Page
4385340,345406,"Cartier Bridal ",1.000,Page
4158079,345406,"Cartier Bridal ",1.000,Page
4599301,52407,"Carlos Miele",4.000,Page
4513476,8266,"Candie's",1.000,Page
4325743,2763,"Calvin Klein Euphoria Collection",1.000,Page
4322116,175,"Calvin Klein Eternity",2.000,Page
4559301,776,"Calvin Klein Collection (Women)",6.000,Page
4599214,776,"Calvin Klein Collection (Women)",6.000,Page
4385304,776,"Calvin Klein Collection (Women)",2.000,Page
4385332,616834,"Calvin Klein Beauty",2.000,Page
4599276,616834,"Calvin Klein Beauty",2.000,Page
4412631,616834,"Calvin Klein Beauty",2.000,Page
4578270,616834,"Calvin Klein Beauty",2.000,Page
4513546,131652,"California Pizza Kitchen For One",1.000,Page
4599213,604185,"Cadillac CTS Coupe",2.000,Page
4158309,604185,"Cadillac CTS Coupe",2.000,Page
4158071,604185,"Cadillac CTS Coupe",2.000,Page
4257686,741481,"C9 by Champion Duo Dry Tanks",1.000,Page
4158116,95858,"Burt's Bees Naturally Nourishing Body Lotion Milk & Honey",1.333,Page
4272300,95858,"Burt's Bees Naturally Nourishing Body Lotion Milk & Honey",0.125,Page
4412598,1004028,"Burberry Prorsum (Women)",2.000,Page
4385308,1004028,"Burberry Prorsum (Women)",2.000,Page
4599176,1004028,"Burberry Prorsum (Women)",2.000,Page
4559286,1633636,"Burberry London (Women)",2.000,Page
4412620,238823,"Burberry Brit Sheer",1.000,Page
4257705,173528,"Burberry Brit for Women (Fragrance)",0.250,Page
4562557,1727051,"Burberry (Women)",0.250,Page
4559300,73132,"Bulgari Leather Goods",2.000,Page
4599185,73132,"Bulgari Leather Goods",2.000,Page
4578237,224448,"Brides: A Wedding Collection at Michaels",1.000,Page
4513496,805858,"Brides Maids (Film)",1.000,Page
4599194,685,"Brahmin Leather Works, Inc.",4.000,Page
4385336,477193,"Brahmin Alden Tote",2.000,Page
4385314,376,"Bottega Veneta (Women)",2.000,Page
4599171,376,"Bottega Veneta (Women)",2.000,Page
4559287,376,"Bottega Veneta (Women)",2.000,Page
4559419,293,"Botox Cosmetic",3.333,Page
4578278,293,"Botox Cosmetic",3.333,Page
4599336,293,"Botox Cosmetic",3.333,Page
4599203,1560428,"BOSS Black (Women)",4.000,Page
4559296,165562,"BOSS Black",4.000,Page
4559364,11030,"Born Footwear",1.000,Page
4599231,1971219,"Born Crown Retreat",1.000,Page
4599325,536372,"Borghese Fango Active Mud for Face and Body",1.000,Page
4513486,1915747,"Bongo at Sears",1.000,Page
4513486,1915747,"Bongo at Sears",1.000,Page
4385335,2465,"Blumarine",2.000,Page
4559326,2465,"Blumarine",2.000,Page
4325787,713477,"Blue Valentine (Film)",1.000,Page
4158320,610689,"Bleu de Chanel",2.000,Page
4523720,20333,"Bio-Oil",0.087,Page
4513528,20333,"Bio-Oil",1.000,Page
4148949,20333,"Bio-Oil",1.000,Page
4325775,20333,"Bio-Oil",1.000,Page
4322122,25884,"Big Love (HBO)",1.000,Page
4513524,475628,"Beyonce Parfums",2.000,Page
4322093,747276,"Beyonce Heat Rush",1.000,Page
4559355,747276,"Beyonce Heat Rush",1.000,Page
4412625,747276,"Beyonce Heat Rush",1.000,Page
4578272,717582,"Beyaz",3.000,Page
4599333,717582,"Beyaz",3.000,Page
4171374,394381,"bebe Footwear",0.107,Page
4599219,2712,"bebe",2.000,Page
4513470,2712,"bebe",2.000,Page
4559342,2712,"bebe",4.000,Page
4165086,182918,"Beach Bunny Swimwear",0.186,Page
4578215,555685,"Be Delicious for Women",1.000,Page
4513478,555685,"Be Delicious for Women",1.000,Page
4347978,765678,"Be a Healthcare Office Manager",0.500,Page
4599293,704,"BCBG Max Azria",6.000,Page
4559394,704,"BCBG Max Azria",4.000,Page
4599230,16765,"Barneys New York",6.000,Page
4272298,751694,"Barely There ComfortFlex Fit Bandini Bra",0.250,Page
4578295,343,"Banana Republic",1.000,Cover
4559321,343,"Banana Republic",3.000,Page
4599165,343,"Banana Republic",2.000,Page
4599307,1523543,"Balmain (Women)",2.000,Page
4599207,1827020,"Bally Footwear (Women)",2.000,Page
4385331,1827020,"Bally Footwear (Women)",3.000,Page
4559309,1827020,"Bally Footwear (Women)",2.000,Page
4412605,9133,"Balenciaga (Women)",2.000,Page
4385329,9133,"Balenciaga (Women)",2.000,Page
4599180,9133,"Balenciaga (Women)",2.000,Page
4599281,3371,"Badgley Mischka",1.000,Page
4513497,1289,"Baby Phat",1.000,Page
4523718,1289,"Baby Phat",0.116,Page
4578279,223516,"b.tempt'd",1.000,Page
4559403,347834,"B. Makowsky",1.000,Page
9239842,347834,"B. Makowsky",0.174,Page
4559356,608688,"Awapuhi Wild Ginger Kera Triplex Treatment",2.000,Page
4578288,563688,"Awapuhi by Paul Mitchell",0.333,Page
4578228,563688,"Awapuhi by Paul Mitchell",1.000,Page
4599285,563688,"Awapuhi by Paul Mitchell",1.000,Page
4599279,563688,"Awapuhi by Paul Mitchell",0.250,Page
4385365,530664,"Aveeno Nourish + Shine Collection",1.000,Page
4599327,530664,"Aveeno Nourish + Shine Collection",1.000,Page
4559420,13369,"Aveeno",2.333,Page
4559336,54900,"Aveda Smooth Infusion Collection",1.333,Cover
4325764,611667,"Astroglide Natural",1.000,Page
4412651,51570,"Assael Inc.",1.000,Page
4158105,51570,"Assael Inc.",1.000,Page
4257704,566494,"Arm & Hammer Whitening Booster 3X",0.333,Page
4513545,507203,"Arm & Hammer Plus Oxiclean Power Gel Laundry Detergent",1.000,Page
4163506,1946121,"Arm & Hammer Baking Soda",0.097,Page
4599346,123229,"Architectural Digest Greenroom",1.000,Page
4385374,1021,"Architectural Digest",2.000,Cover
4257695,193860,"Anolon",1.000,Page
4412643,701898,"Anne's Inspiration Board",1.000,Page
4559347,106101,"Anne Klein Eyewear",1.000,Page
4599282,106101,"Anne Klein Eyewear",1.000,Page
4599243,478,"Ann Taylor",2.000,Page
4559319,478,"Ann Taylor",2.000,Page
4578192,478,"Ann Taylor",2.000,Page
4559324,24431,"Andrew Marc",0.333,Page
4599344,205272,"American Cancer Society Hope Lodge",1.333,Page
4148947,175176,"Always Infinity",1.000,Page
4325773,175176,"Always Infinity",1.000,Page
4412655,175176,"Always Infinity",1.000,Page
4325794,168601,"Almsed Bikini Emergency Plan",1.000,Page
4325795,168601,"Almsed Bikini Emergency Plan",1.000,Page
4599352,20536,"Allure",2.000,Cover
4599316,1928040,"Alfani Ruffle Shirt",1.000,Page
4559385,1928040,"Alfani Ruffle Shirt",1.000,Page
4559339,13158,"Aldo",2.000,Page
4158107,13158,"Aldo",1.000,Page
4599251,13158,"Aldo",2.000,Page
4599290,2726,"Alberta Ferretti",4.000,Page
4559373,2726,"Alberta Ferretti",1.000,Page
4559369,380,"Akris",1.000,Page
4599310,380,"Akris",1.000,Page
4513521,163907,"Air Optix Aqua",1.000,Page
4559401,1871107,"AG Adriano Goldschmied (Women)",1.000,Page
4325803,24668,"Adam & Eve",0.333,Page
4599343,11160,"Academy Of Art University",1.000,Page
4158314,255,"Absolut Vodka",1.000,Page
4559446,255,"Absolut Vodka",1.000,Page
4559298,814423,"A|X Stylepad App",2.000,Page
4578186,1917976,"A|X Armani Exchange (Women)",2.000,Page
4559447,1063666,"A.Jaffe Signature Collection Style No. MES307",1.000,Page
4559362,1460517,"7 For All Mankind (Women)",1.000,Page
4599201,1460517,"7 For All Mankind (Women)",1.000,Page
4513543,638262,"5 Gum Prism",1.000,Page
4578257,109166,"2-Hour Whitening Kit",1.000,Page
4158112,574081,"21 Days To A Better You",2.000,Page
4412672,574081,"21 Days To A Better You",1.000,Page
4559457,574081,"21 Days To A Better You",1.000,Page
4412665,786458,"+J Bonding Coat",1.000,Page

Count: 1163
